code,name,市场类型
000001,平安银行,深圳
000002,万  科Ａ,深圳
000004,*ST国华,深圳
000006,深振业Ａ,深圳
000007,全新好,深圳
000008,神州高铁,深圳
000009,中国宝安,深圳
000010,美丽生态,深圳
000011,深物业A,深圳
000012,南  玻Ａ,深圳
000014,沙河股份,深圳
000016,深康佳Ａ,深圳
000017,深中华A,深圳
000019,深粮控股,深圳
000020,深华发Ａ,深圳
000021,深科技,深圳
000025,特  力Ａ,深圳
000026,飞亚达,深圳
000027,深圳能源,深圳
000028,国药一致,深圳
000029,深深房Ａ,深圳
000030,富奥股份,深圳
000031,大悦城,深圳
000032,深桑达Ａ,深圳
000034,神州数码,深圳
000035,中国天楹,深圳
000036,华联控股,深圳
000037,深南电A,深圳
000039,中集集团,深圳
000042,中洲控股,深圳
000045,深纺织Ａ,深圳
000048,京基智农,深圳
000049,德赛电池,深圳
000050,深天马Ａ,深圳
000055,方大集团,深圳
000056,皇庭国际,深圳
000058,深 赛 格,深圳
000059,华锦股份,深圳
000060,中金岭南,深圳
000061,农 产 品,深圳
000062,深圳华强,深圳
000063,中兴通讯,深圳
000065,北方国际,深圳
000066,中国长城,深圳
000068,华控赛格,深圳
000069,华侨城Ａ,深圳
000070,特发信息,深圳
000078,海王生物,深圳
000088,盐 田 港,深圳
000089,深圳机场,深圳
000090,天健集团,深圳
000096,广聚能源,深圳
000099,中信海直,深圳
000100,TCL科技,深圳
000151,中成股份,深圳
000153,丰原药业,深圳
000155,川能动力,深圳
000156,华数传媒,深圳
000157,中联重科,深圳
000158,常山北明,深圳
000159,国际实业,深圳
000166,申万宏源,深圳
000301,东方盛虹,深圳
000333,美的集团,深圳
000338,潍柴动力,深圳
000400,许继电气,深圳
000401,金隅冀东,深圳
000402,金 融 街,深圳
000403,派林生物,深圳
000404,长虹华意,深圳
000407,胜利股份,深圳
000408,藏格矿业,深圳
000409,云鼎科技,深圳
000410,沈阳机床,深圳
000411,英特集团,深圳
000415,渤海租赁,深圳
000417,合百集团,深圳
000419,通程控股,深圳
000420,吉林化纤,深圳
000421,南京公用,深圳
000422,湖北宜化,深圳
000423,东阿阿胶,深圳
000425,徐工机械,深圳
000426,兴业银锡,深圳
000428,华天酒店,深圳
000429,粤高速Ａ,深圳
000430,ST张家界,深圳
000488,ST晨鸣,深圳
000498,山东路桥,深圳
000501,武商集团,深圳
000503,国新健康,深圳
000504,*ST生物,深圳
000505,京粮控股,深圳
000506,招金黄金,深圳
000507,珠海港,深圳
000509,华塑控股,深圳
000510,新金路,深圳
000513,丽珠集团,深圳
000514,渝 开 发,深圳
000516,国际医学,深圳
000517,荣安地产,深圳
000518,*ST四环,深圳
000519,中兵红箭,深圳
000520,凤凰航运,深圳
000521,长虹美菱,深圳
000523,红棉股份,深圳
000524,岭南控股,深圳
000525,红太阳,深圳
000526,学大教育,深圳
000528,柳    工,深圳
000529,广弘控股,深圳
000530,冰山冷热,深圳
000531,穗恒运Ａ,深圳
000532,华金资本,深圳
000533,顺钠股份,深圳
000534,万泽股份,深圳
000536,华映科技,深圳
000537,中绿电,深圳
000538,云南白药,深圳
000539,粤电力Ａ,深圳
000541,佛山照明,深圳
000543,皖能电力,深圳
000544,中原环保,深圳
000545,金浦钛业,深圳
000546,金圆股份,深圳
000547,航天发展,深圳
000548,湖南投资,深圳
000550,江铃汽车,深圳
000551,创元科技,深圳
000552,甘肃能化,深圳
000553,安道麦A,深圳
000554,泰山石油,深圳
000555,神州信息,深圳
000557,西部创业,深圳
000558,天府文旅,深圳
000559,万向钱潮,深圳
000560,我爱我家,深圳
000561,烽火电子,深圳
000563,陕国投Ａ,深圳
000564,供销大集,深圳
000565,渝三峡Ａ,深圳
000566,海南海药,深圳
000567,海德股份,深圳
000568,泸州老窖,深圳
000570,苏常柴Ａ,深圳
000571,新大洲A,深圳
000572,海马汽车,深圳
000573,粤宏远Ａ,深圳
000576,甘化科工,深圳
000581,威孚高科,深圳
000582,北部湾港,深圳
000586,汇源通信,深圳
000589,贵州轮胎,深圳
000590,启迪药业,深圳
000591,太阳能,深圳
000592,平潭发展,深圳
000593,德龙汇能,深圳
000595,*ST宝实,深圳
000596,古井贡酒,深圳
000597,东北制药,深圳
000598,兴蓉环境,深圳
000599,青岛双星,深圳
000600,建投能源,深圳
000601,韶能股份,深圳
000603,盛达资源,深圳
000605,渤海股份,深圳
000607,华媒控股,深圳
000608,*ST阳光,深圳
000609,ST中迪,深圳
000610,西安旅游,深圳
000612,焦作万方,深圳
000615,*ST美谷,深圳
000617,中油资本,深圳
000619,海螺新材,深圳
000620,盈新发展,深圳
000623,吉林敖东,深圳
000625,长安汽车,深圳
000626,远大控股,深圳
000627,*ST天茂,深圳
000628,高新发展,深圳
000629,钒钛股份,深圳
000630,铜陵有色,深圳
000631,顺发恒能,深圳
000632,三木集团,深圳
000633,合金投资,深圳
000635,英 力 特,深圳
000636,风华高科,深圳
000637,茂化实华,深圳
000638,*ST万方,深圳
000639,西王食品,深圳
000650,仁和药业,深圳
000651,格力电器,深圳
000652,泰达股份,深圳
000655,金岭矿业,深圳
000656,*ST金科,深圳
000657,中钨高新,深圳
000659,珠海中富,深圳
000661,长春高新,深圳
000663,永安林业,深圳
000665,湖北广电,深圳
000668,*ST荣控,深圳
000669,ST金鸿,深圳
000670,盈方微,深圳
000672,上峰水泥,深圳
000676,智度股份,深圳
000677,恒天海龙,深圳
000678,襄阳轴承,深圳
000679,大连友谊,深圳
000680,山推股份,深圳
000681,视觉中国,深圳
000682,东方电子,深圳
000683,博源化工,深圳
000685,中山公用,深圳
000686,东北证券,深圳
000688,国城矿业,深圳
000690,宝新能源,深圳
000691,*ST亚太,深圳
000692,惠天热电,深圳
000695,滨海能源,深圳
000697,ST炼石,深圳
000698,沈阳化工,深圳
000700,模塑科技,深圳
000701,厦门信达,深圳
000702,正虹科技,深圳
000703,恒逸石化,深圳
000705,浙江震元,深圳
000707,双环科技,深圳
000708,中信特钢,深圳
000709,河钢股份,深圳
000710,贝瑞基因,深圳
000711,ST京蓝,深圳
000712,锦龙股份,深圳
000713,国投丰乐,深圳
000715,中兴商业,深圳
000716,黑芝麻,深圳
000717,中南股份,深圳
000718,苏宁环球,深圳
000719,中原传媒,深圳
000720,新能泰山,深圳
000721,西安饮食,深圳
000722,湖南发展,深圳
000723,美锦能源,深圳
000725,京东方Ａ,深圳
000726,鲁  泰Ａ,深圳
000727,冠捷科技,深圳
000728,国元证券,深圳
000729,燕京啤酒,深圳
000731,四川美丰,深圳
000733,振华科技,深圳
000735,罗 牛 山,深圳
000736,*ST中地,深圳
000737,北方铜业,深圳
000738,航发控制,深圳
000739,普洛药业,深圳
000750,国海证券,深圳
000751,锌业股份,深圳
000752,ST西发,深圳
000753,漳州发展,深圳
000755,山西高速,深圳
000756,新华制药,深圳
000757,浩物股份,深圳
000758,中色股份,深圳
000759,中百集团,深圳
000761,本钢板材,深圳
000762,西藏矿业,深圳
000766,通化金马,深圳
000767,晋控电力,深圳
000768,中航西飞,深圳
000776,广发证券,深圳
000777,中核科技,深圳
000778,新兴铸管,深圳
000779,甘咨询,深圳
000782,恒申新材,深圳
000783,长江证券,深圳
000785,居然智家,深圳
000786,北新建材,深圳
000788,北大医药,深圳
000789,万年青,深圳
000790,华神科技,深圳
000791,甘肃能源,深圳
000792,盐湖股份,深圳
000793,ST华闻,深圳
000795,英洛华,深圳
000796,凯撒旅业,深圳
000797,中国武夷,深圳
000798,中水渔业,深圳
000799,酒鬼酒,深圳
000800,一汽解放,深圳
000801,四川九洲,深圳
000802,北京文化,深圳
000803,山高环能,深圳
000807,云铝股份,深圳
000809,和展能源,深圳
000810,创维数字,深圳
000811,冰轮环境,深圳
000812,陕西金叶,深圳
000813,德展健康,深圳
000815,美利云,深圳
000816,智慧农业,深圳
000818,航锦科技,深圳
000819,岳阳兴长,深圳
000820,*ST节能,深圳
000821,京山轻机,深圳
000822,山东海化,深圳
000823,超声电子,深圳
000825,太钢不锈,深圳
000826,启迪环境,深圳
000828,东莞控股,深圳
000829,天音控股,深圳
000830,鲁西化工,深圳
000831,中国稀土,深圳
000833,粤桂股份,深圳
000837,秦川机床,深圳
000838,财信发展,深圳
000839,国安股份,深圳
000848,承德露露,深圳
000850,华茂股份,深圳
000851,*ST高鸿,深圳
000852,石化机械,深圳
000856,冀东装备,深圳
000858,五 粮 液,深圳
000859,国风新材,深圳
000860,顺鑫农业,深圳
000862,银星能源,深圳
000863,三湘印象,深圳
000868,安凯客车,深圳
000869,张  裕Ａ,深圳
000875,吉电股份,深圳
000876,新 希 望,深圳
000877,天山股份,深圳
000878,云南铜业,深圳
000880,潍柴重机,深圳
000881,中广核技,深圳
000882,华联股份,深圳
000883,湖北能源,深圳
000885,城发环境,深圳
000886,海南高速,深圳
000887,中鼎股份,深圳
000888,峨眉山Ａ,深圳
000889,中嘉博创,深圳
000890,法尔胜,深圳
000892,欢瑞世纪,深圳
000893,亚钾国际,深圳
000895,双汇发展,深圳
000897,津滨发展,深圳
000898,鞍钢股份,深圳
000899,赣能股份,深圳
000900,现代投资,深圳
000901,航天科技,深圳
000902,新洋丰,深圳
000903,ST云动,深圳
000905,厦门港务,深圳
000906,浙商中拓,深圳
000908,ST景峰,深圳
000909,ST数源,深圳
000910,大亚圣象,深圳
000911,广农糖业,深圳
000912,泸天化,深圳
000913,钱江摩托,深圳
000915,华特达因,深圳
000917,电广传媒,深圳
000919,金陵药业,深圳
000920,沃顿科技,深圳
000921,海信家电,深圳
000922,佳电股份,深圳
000923,河钢资源,深圳
000925,众合科技,深圳
000926,福星股份,深圳
000927,中国铁物,深圳
000928,中钢国际,深圳
000929,*ST兰黄,深圳
000930,中粮科技,深圳
000931,中 关 村,深圳
000932,华菱钢铁,深圳
000933,神火股份,深圳
000935,四川双马,深圳
000936,华西股份,深圳
000937,冀中能源,深圳
000938,紫光股份,深圳
000948,南天信息,深圳
000949,新乡化纤,深圳
000950,重药控股,深圳
000951,中国重汽,深圳
000952,广济药业,深圳
000953,河化股份,深圳
000955,欣龙控股,深圳
000957,中通客车,深圳
000958,电投产融,深圳
000959,首钢股份,深圳
000960,锡业股份,深圳
000962,东方钽业,深圳
000963,华东医药,深圳
000965,天保基建,深圳
000966,长源电力,深圳
000967,盈峰环境,深圳
000968,蓝焰控股,深圳
000969,安泰科技,深圳
000970,中科三环,深圳
000972,*ST中基,深圳
000973,佛塑科技,深圳
000975,山金国际,深圳
000977,浪潮信息,深圳
000978,桂林旅游,深圳
000980,众泰汽车,深圳
000981,山子高科,深圳
000983,山西焦煤,深圳
000985,大庆华科,深圳
000987,越秀资本,深圳
000988,华工科技,深圳
000989,九芝堂,深圳
000990,诚志股份,深圳
000993,闽东电力,深圳
000995,皇台酒业,深圳
000997,新 大 陆,深圳
000998,隆平高科,深圳
000999,华润三九,深圳
001201,东瑞股份,深圳
001202,炬申股份,深圳
001203,大中矿业,深圳
001205,盛航股份,深圳
001206,依依股份,深圳
001207,联科科技,深圳
001208,华菱线缆,深圳
001209,洪兴股份,深圳
001210,金房能源,深圳
001211,双枪科技,深圳
001212,中旗新材,深圳
001213,中铁特货,深圳
001215,千味央厨,深圳
001216,华瓷股份,深圳
001217,华尔泰,深圳
001218,丽臣实业,深圳
001219,青岛食品,深圳
001221,悍高集团,深圳
001222,源飞宠物,深圳
001223,欧克科技,深圳
001225,和泰机电,深圳
001226,拓山重工,深圳
001227,兰州银行,深圳
001228,永泰运,深圳
001229,魅视科技,深圳
001230,劲旅环境,深圳
001231,农心科技,深圳
001234,泰慕士,深圳
001236,弘业期货,深圳
001238,浙江正特,深圳
001239,永达股份,深圳
001255,博菲电气,深圳
001256,炜冈科技,深圳
001258,立新能源,深圳
001259,利仁科技,深圳
001260,坤泰股份,深圳
001266,宏英智能,深圳
001267,汇绿生态,深圳
001268,联合精密,深圳
001269,欧晶科技,深圳
001270,*ST铖昌,深圳
001277,速达股份,深圳
001278,一彬科技,深圳
001279,强邦新材,深圳
001282,三联锻造,深圳
001283,豪鹏科技,深圳
001286,陕西能源,深圳
001287,中电港,深圳
001288,运机集团,深圳
001289,龙源电力,深圳
001296,长江材料,深圳
001298,好上好,深圳
001299,美能能源,深圳
001300,三柏硕,深圳
001301,尚太科技,深圳
001306,夏厦精密,深圳
001308,康冠科技,深圳
001309,德明利,深圳
001311,多利科技,深圳
001313,粤海饲料,深圳
001314,亿道信息,深圳
001316,润贝航科,深圳
001317,三羊马,深圳
001318,阳光乳业,深圳
001319,铭科精技,深圳
001322,箭牌家居,深圳
001323,慕思股份,深圳
001324,长青科技,深圳
001326,联域股份,深圳
001328,登康口腔,深圳
001330,博纳影业,深圳
001331,胜通能源,深圳
001332,锡装股份,深圳
001333,光华股份,深圳
001335,信凯科技,深圳
001336,楚环科技,深圳
001337,四川黄金,深圳
001338,永顺泰,深圳
001339,智微智能,深圳
001356,富岭股份,深圳
001358,兴欣新材,深圳
001359,平安电工,深圳
001360,南矿集团,深圳
001366,播恩集团,深圳
001367,海森药业,深圳
001368,通达创智,深圳
001373,翔腾新材,深圳
001376,百通能源,深圳
001378,德冠新材,深圳
001379,腾达科技,深圳
001380,华纬科技,深圳
001382,新亚电缆,深圳
001387,雪祺电气,深圳
001388,信通电子,深圳
001389,广合科技,深圳
001390,古麒绒材,深圳
001391,国货航,深圳
001395,亚联机械,深圳
001400,江顺科技,深圳
001696,宗申动力,深圳
001872,招商港口,深圳
001896,豫能控股,深圳
001914,招商积余,深圳
001965,招商公路,深圳
001979,招商蛇口,深圳
002001,新 和 成,深圳
002003,伟星股份,深圳
002004,华邦健康,深圳
002005,ST德豪,深圳
002006,精工科技,深圳
002007,华兰生物,深圳
002008,大族激光,深圳
002009,天奇股份,深圳
002010,传化智联,深圳
002011,盾安环境,深圳
002012,凯恩股份,深圳
002014,永新股份,深圳
002015,协鑫能科,深圳
002016,世荣兆业,深圳
002017,东信和平,深圳
002019,亿帆医药,深圳
002020,京新药业,深圳
002021,中捷资源,深圳
002022,科华生物,深圳
002023,海特高新,深圳
002024,ST易购,深圳
002025,航天电器,深圳
002026,山东威达,深圳
002027,分众传媒,深圳
002028,思源电气,深圳
002029,七 匹 狼,深圳
002030,达安基因,深圳
002031,巨轮智能,深圳
002032,苏 泊 尔,深圳
002033,丽江股份,深圳
002034,旺能环境,深圳
002035,华帝股份,深圳
002036,联创电子,深圳
002037,保利联合,深圳
002038,双鹭药业,深圳
002039,黔源电力,深圳
002040,南 京 港,深圳
002041,登海种业,深圳
002042,华孚时尚,深圳
002043,兔 宝 宝,深圳
002044,美年健康,深圳
002045,国光电器,深圳
002046,国机精工,深圳
002047,*ST宝鹰,深圳
002048,宁波华翔,深圳
002049,紫光国微,深圳
002050,三花智控,深圳
002051,中工国际,深圳
002052,同洲电子,深圳
002053,云南能投,深圳
002054,德美化工,深圳
002055,得润电子,深圳
002056,横店东磁,深圳
002057,中钢天源,深圳
002058,*ST威尔,深圳
002059,云南旅游,深圳
002060,广东建工,深圳
002061,浙江交科,深圳
002062,宏润建设,深圳
002063,远光软件,深圳
002064,华峰化学,深圳
002065,东华软件,深圳
002066,瑞泰科技,深圳
002067,景兴纸业,深圳
002068,黑猫股份,深圳
002069,獐子岛,深圳
002072,凯瑞德,深圳
002073,软控股份,深圳
002074,国轩高科,深圳
002075,沙钢股份,深圳
002076,*ST星光,深圳
002077,大港股份,深圳
002078,太阳纸业,深圳
002079,苏州固锝,深圳
002080,中材科技,深圳
002081,金 螳 螂,深圳
002082,万邦德,深圳
002083,孚日股份,深圳
002084,海鸥住工,深圳
002085,万丰奥威,深圳
002086,东方海洋,深圳
002088,鲁阳节能,深圳
002090,金智科技,深圳
002091,江苏国泰,深圳
002092,中泰化学,深圳
002093,国脉科技,深圳
002094,青岛金王,深圳
002095,生 意 宝,深圳
002096,易普力,深圳
002097,山河智能,深圳
002098,浔兴股份,深圳
002099,海翔药业,深圳
002100,天康生物,深圳
002101,广东鸿图,深圳
002102,能特科技,深圳
002103,广博股份,深圳
002104,恒宝股份,深圳
002105,信隆健康,深圳
002106,莱宝高科,深圳
002107,沃华医药,深圳
002108,沧州明珠,深圳
002109,兴化股份,深圳
002110,三钢闽光,深圳
002111,威海广泰,深圳
002112,三变科技,深圳
002114,罗平锌电,深圳
002115,三维通信,深圳
002116,中国海诚,深圳
002117,东港股份,深圳
002119,康强电子,深圳
002120,韵达股份,深圳
002121,科陆电子,深圳
002122,汇洲智能,深圳
002123,梦网科技,深圳
002124,天邦食品,深圳
002125,湘潭电化,深圳
002126,银轮股份,深圳
002127,南极电商,深圳
002128,电投能源,深圳
002129,TCL中环,深圳
002130,沃尔核材,深圳
002131,利欧股份,深圳
002132,恒星科技,深圳
002133,广宇集团,深圳
002134,天津普林,深圳
002135,东南网架,深圳
002136,安 纳 达,深圳
002137,实益达,深圳
002138,顺络电子,深圳
002139,拓邦股份,深圳
002140,东华科技,深圳
002141,贤丰控股,深圳
002142,宁波银行,深圳
002144,宏达高科,深圳
002145,中核钛白,深圳
002146,荣盛发展,深圳
002148,北纬科技,深圳
002149,西部材料,深圳
002150,通润装备,深圳
002151,北斗星通,深圳
002152,广电运通,深圳
002153,石基信息,深圳
002154,报 喜 鸟,深圳
002155,湖南黄金,深圳
002156,通富微电,深圳
002157,正邦科技,深圳
002158,汉钟精机,深圳
002159,三特索道,深圳
002160,常铝股份,深圳
002161,远 望 谷,深圳
002162,悦心健康,深圳
002163,海南发展,深圳
002164,宁波东力,深圳
002165,红 宝 丽,深圳
002166,莱茵生物,深圳
002167,东方锆业,深圳
002168,*ST惠程,深圳
002169,智光电气,深圳
002170,芭田股份,深圳
002171,楚江新材,深圳
002172,澳洋健康,深圳
002173,创新医疗,深圳
002174,游族网络,深圳
002175,东方智造,深圳
002176,江特电机,深圳
002177,御银股份,深圳
002178,延华智能,深圳
002179,中航光电,深圳
002180,纳思达,深圳
002181,粤 传 媒,深圳
002182,宝武镁业,深圳
002183,怡 亚 通,深圳
002184,海得控制,深圳
002185,华天科技,深圳
002186,全 聚 德,深圳
002187,广百股份,深圳
002188,中天服务,深圳
002189,中光学,深圳
002190,成飞集成,深圳
002191,劲嘉股份,深圳
002192,融捷股份,深圳
002193,如意集团,深圳
002194,武汉凡谷,深圳
002195,岩山科技,深圳
002196,方正电机,深圳
002197,ST证通,深圳
002198,嘉应制药,深圳
002199,*ST东晶,深圳
002200,*ST交投,深圳
002201,九鼎新材,深圳
002202,金风科技,深圳
002203,海亮股份,深圳
002204,大连重工,深圳
002205,国统股份,深圳
002206,海 利 得,深圳
002207,准油股份,深圳
002208,合肥城建,深圳
002209,达 意 隆,深圳
002210,飞马国际,深圳
002211,ST宏达,深圳
002212,天融信,深圳
002213,大为股份,深圳
002214,*ST大立,深圳
002215,诺 普 信,深圳
002216,三全食品,深圳
002217,合力泰,深圳
002218,拓日新能,深圳
002219,新里程,深圳
002221,东华能源,深圳
002222,福晶科技,深圳
002223,鱼跃医疗,深圳
002224,三 力 士,深圳
002225,濮耐股份,深圳
002226,江南化工,深圳
002227,奥 特 迅,深圳
002228,合兴包装,深圳
002229,鸿博股份,深圳
002230,科大讯飞,深圳
002231,*ST奥维,深圳
002232,启明信息,深圳
002233,塔牌集团,深圳
002234,民和股份,深圳
002235,安妮股份,深圳
002236,大华股份,深圳
002237,恒邦股份,深圳
002238,天威视讯,深圳
002239,奥特佳,深圳
002240,盛新锂能,深圳
002241,歌尔股份,深圳
002242,九阳股份,深圳
002243,力合科创,深圳
002244,滨江集团,深圳
002245,蔚蓝锂芯,深圳
002246,北化股份,深圳
002247,聚力文化,深圳
002248,华东数控,深圳
002249,大洋电机,深圳
002250,联化科技,深圳
002251,步步高,深圳
002252,上海莱士,深圳
002253,*ST智胜,深圳
002254,泰和新材,深圳
002255,海陆重工,深圳
002256,兆新股份,深圳
002258,利尔化学,深圳
002259,升达林业,深圳
002261,拓维信息,深圳
002262,恩华药业,深圳
002263,大东南,深圳
002264,新 华 都,深圳
002265,建设工业,深圳
002266,浙富控股,深圳
002267,陕天然气,深圳
002268,电科网安,深圳
002269,美邦服饰,深圳
002270,华明装备,深圳
002271,东方雨虹,深圳
002272,川润股份,深圳
002273,水晶光电,深圳
002274,华昌化工,深圳
002275,桂林三金,深圳
002276,万马股份,深圳
002277,友阿股份,深圳
002278,神开股份,深圳
002279,久其软件,深圳
002281,光迅科技,深圳
002282,博深股份,深圳
002283,天润工业,深圳
002284,亚太股份,深圳
002285,世联行,深圳
002286,保龄宝,深圳
002287,奇正藏药,深圳
002289,*ST宇顺,深圳
002290,禾盛新材,深圳
002291,遥望科技,深圳
002292,奥飞娱乐,深圳
002293,罗莱生活,深圳
002294,信立泰,深圳
002295,精艺股份,深圳
002296,辉煌科技,深圳
002297,博云新材,深圳
002298,中电鑫龙,深圳
002299,圣农发展,深圳
002300,太阳电缆,深圳
002301,齐心集团,深圳
002302,西部建设,深圳
002303,美盈森,深圳
002304,洋河股份,深圳
002305,*ST南置,深圳
002306,*ST云网,深圳
002307,北新路桥,深圳
002309,中利集团,深圳
002310,东方园林,深圳
002311,海大集团,深圳
002312,川发龙蟒,深圳
002313,日海智能,深圳
002314,南山控股,深圳
002315,焦点科技,深圳
002316,亚联发展,深圳
002317,众生药业,深圳
002318,久立特材,深圳
002319,乐通股份,深圳
002320,海峡股份,深圳
002321,华英农业,深圳
002322,理工能科,深圳
002323,雅博股份,深圳
002324,普利特,深圳
002326,永太科技,深圳
002327,富安娜,深圳
002328,新朋股份,深圳
002329,皇氏集团,深圳
002330,得利斯,深圳
002331,皖通科技,深圳
002332,仙琚制药,深圳
002333,罗普斯金,深圳
002334,英威腾,深圳
002335,科华数据,深圳
002337,赛象科技,深圳
002338,奥普光电,深圳
002339,积成电子,深圳
002340,格林美,深圳
002342,巨力索具,深圳
002343,慈文传媒,深圳
002344,海宁皮城,深圳
002345,潮宏基,深圳
002346,柘中股份,深圳
002347,泰尔股份,深圳
002348,高乐股份,深圳
002349,精华制药,深圳
002350,北京科锐,深圳
002351,漫步者,深圳
002352,顺丰控股,深圳
002353,杰瑞股份,深圳
002354,天娱数科,深圳
002355,兴民智通,深圳
002356,赫美集团,深圳
002357,富临运业,深圳
002358,森源电气,深圳
002360,同德化工,深圳
002361,神剑股份,深圳
002362,汉王科技,深圳
002363,隆基机械,深圳
002364,中恒电气,深圳
002365,永安药业,深圳
002366,融发核电,深圳
002367,康力电梯,深圳
002368,太极股份,深圳
002369,卓翼科技,深圳
002370,亚太药业,深圳
002371,北方华创,深圳
002372,伟星新材,深圳
002373,千方科技,深圳
002374,中锐股份,深圳
002375,亚厦股份,深圳
002376,新北洋,深圳
002377,国创高新,深圳
002378,章源钨业,深圳
002379,宏创控股,深圳
002380,科远智慧,深圳
002381,双箭股份,深圳
002382,蓝帆医疗,深圳
002383,合众思壮,深圳
002384,东山精密,深圳
002385,大北农,深圳
002386,天原股份,深圳
002387,维信诺,深圳
002388,ST新亚,深圳
002389,航天彩虹,深圳
002390,信邦制药,深圳
002391,长青股份,深圳
002392,北京利尔,深圳
002393,力生制药,深圳
002394,联发股份,深圳
002395,双象股份,深圳
002396,星网锐捷,深圳
002397,梦洁股份,深圳
002398,垒知集团,深圳
002399,海普瑞,深圳
002400,省广集团,深圳
002401,中远海科,深圳
002402,和而泰,深圳
002403,爱仕达,深圳
002404,嘉欣丝绸,深圳
002405,四维图新,深圳
002406,远东传动,深圳
002407,多氟多,深圳
002408,齐翔腾达,深圳
002409,雅克科技,深圳
002410,广联达,深圳
002412,汉森制药,深圳
002413,雷科防务,深圳
002414,高德红外,深圳
002415,海康威视,深圳
002416,爱施德,深圳
002418,康盛股份,深圳
002419,天虹股份,深圳
002420,毅昌科技,深圳
002421,达实智能,深圳
002422,科伦药业,深圳
002423,中粮资本,深圳
002424,贵州百灵,深圳
002425,ST凯文,深圳
002426,胜利精密,深圳
002427,尤夫股份,深圳
002428,云南锗业,深圳
002429,兆驰股份,深圳
002430,杭氧股份,深圳
002431,棕榈股份,深圳
002432,九安医疗,深圳
002434,万里扬,深圳
002436,兴森科技,深圳
002437,誉衡药业,深圳
002438,江苏神通,深圳
002439,启明星辰,深圳
002440,闰土股份,深圳
002441,众业达,深圳
002442,龙星科技,深圳
002443,金洲管道,深圳
002444,巨星科技,深圳
002445,中南文化,深圳
002446,盛路通信,深圳
002448,中原内配,深圳
002449,国星光电,深圳
002451,摩恩电气,深圳
002452,长高电新,深圳
002453,华软科技,深圳
002454,松芝股份,深圳
002455,百川股份,深圳
002456,欧菲光,深圳
002457,青龙管业,深圳
002458,益生股份,深圳
002459,晶澳科技,深圳
002460,赣锋锂业,深圳
002461,珠江啤酒,深圳
002462,嘉事堂,深圳
002463,沪电股份,深圳
002465,海格通信,深圳
002466,天齐锂业,深圳
002467,二六三,深圳
002468,申通快递,深圳
002469,三维化学,深圳
002470,金正大,深圳
002471,中超控股,深圳
002472,双环传动,深圳
002474,榕基软件,深圳
002475,立讯精密,深圳
002476,宝莫股份,深圳
002478,常宝股份,深圳
002479,富春环保,深圳
002480,新筑股份,深圳
002481,双塔食品,深圳
002482,广田集团,深圳
002483,润邦股份,深圳
002484,江海股份,深圳
002485,ST雪发,深圳
002486,嘉麟杰,深圳
002487,大金重工,深圳
002488,金固股份,深圳
002489,浙江永强,深圳
002490,山东墨龙,深圳
002491,通鼎互联,深圳
002492,恒基达鑫,深圳
002493,荣盛石化,深圳
002494,华斯股份,深圳
002495,佳隆股份,深圳
002496,*ST辉丰,深圳
002497,雅化集团,深圳
002498,汉缆股份,深圳
002500,山西证券,深圳
002501,利源股份,深圳
002506,协鑫集成,深圳
002507,涪陵榨菜,深圳
002508,老板电器,深圳
002510,天汽模,深圳
002511,中顺洁柔,深圳
002512,达华智能,深圳
002513,蓝丰生化,深圳
002514,宝馨科技,深圳
002515,金字火腿,深圳
002516,旷达科技,深圳
002517,恺英网络,深圳
002518,科士达,深圳
002519,银河电子,深圳
002520,日发精机,深圳
002521,齐峰新材,深圳
002522,浙江众成,深圳
002523,天桥起重,深圳
002524,光正眼科,深圳
002526,山东矿机,深圳
002527,新时达,深圳
002528,ST英飞拓,深圳
002529,*ST海源,深圳
002530,金财互联,深圳
002531,天顺风能,深圳
002532,天山铝业,深圳
002533,金杯电工,深圳
002534,西子洁能,深圳
002535,林州重机,深圳
002536,飞龙股份,深圳
002537,海联金汇,深圳
002538,司尔特,深圳
002539,云图控股,深圳
002540,亚太科技,深圳
002541,鸿路钢构,深圳
002542,中化岩土,深圳
002543,万和电气,深圳
002544,普天科技,深圳
002545,东方铁塔,深圳
002546,新联电子,深圳
002547,春兴精工,深圳
002548,金新农,深圳
002549,凯美特气,深圳
002550,千红制药,深圳
002551,尚荣医疗,深圳
002552,宝鼎科技,深圳
002553,南方精工,深圳
002554,惠博普,深圳
002555,三七互娱,深圳
002556,辉隆股份,深圳
002557,洽洽食品,深圳
002558,巨人网络,深圳
002559,亚威股份,深圳
002560,通达股份,深圳
002561,徐家汇,深圳
002562,兄弟科技,深圳
002563,森马服饰,深圳
002564,天沃科技,深圳
002565,顺灏股份,深圳
002566,益盛药业,深圳
002567,唐人神,深圳
002568,百润股份,深圳
002569,*ST步森,深圳
002570,贝因美,深圳
002571,德力股份,深圳
002572,索菲亚,深圳
002573,清新环境,深圳
002574,明牌珠宝,深圳
002575,群兴玩具,深圳
002576,通达动力,深圳
002577,雷柏科技,深圳
002578,闽发铝业,深圳
002579,中京电子,深圳
002580,圣阳股份,深圳
002581,ST未名,深圳
002582,好想你,深圳
002583,海能达,深圳
002584,西陇科学,深圳
002585,双星新材,深圳
002586,*ST围海,深圳
002587,奥拓电子,深圳
002588,史丹利,深圳
002589,瑞康医药,深圳
002590,万安科技,深圳
002591,恒大高新,深圳
002592,ST八菱,深圳
002593,日上集团,深圳
002594,比亚迪,深圳
002595,豪迈科技,深圳
002596,海南瑞泽,深圳
002597,金禾实业,深圳
002598,山东章鼓,深圳
002599,盛通股份,深圳
002600,领益智造,深圳
002601,龙佰集团,深圳
002602,ST华通,深圳
002603,以岭药业,深圳
002605,姚记科技,深圳
002606,大连电瓷,深圳
002607,中公教育,深圳
002608,江苏国信,深圳
002609,捷顺科技,深圳
002611,东方精工,深圳
002612,朗姿股份,深圳
002613,北玻股份,深圳
002614,奥佳华,深圳
002615,哈尔斯,深圳
002616,长青集团,深圳
002617,露笑科技,深圳
002620,ST瑞和,深圳
002622,皓宸医疗,深圳
002623,亚玛顿,深圳
002624,完美世界,深圳
002625,光启技术,深圳
002626,金达威,深圳
002627,三峡旅游,深圳
002628,成都路桥,深圳
002629,仁智股份,深圳
002630,ST华西,深圳
002631,德尔未来,深圳
002632,道明光学,深圳
002633,申科股份,深圳
002634,棒杰股份,深圳
002635,安洁科技,深圳
002636,金安国纪,深圳
002637,赞宇科技,深圳
002638,勤上股份,深圳
002639,雪人集团,深圳
002640,跨境通,深圳
002641,公元股份,深圳
002642,荣联科技,深圳
002643,万润股份,深圳
002644,佛慈制药,深圳
002645,华宏科技,深圳
002646,天佑德酒,深圳
002647,*ST仁东,深圳
002648,卫星化学,深圳
002649,博彦科技,深圳
002650,ST加加,深圳
002651,利君股份,深圳
002652,扬子新材,深圳
002653,海思科,深圳
002654,万润科技,深圳
002655,共达电声,深圳
002656,*ST摩登,深圳
002657,中科金财,深圳
002658,雪迪龙,深圳
002659,凯文教育,深圳
002660,茂硕电源,深圳
002661,克明食品,深圳
002662,峰璟股份,深圳
002663,普邦股份,深圳
002664,信质集团,深圳
002666,德联集团,深圳
002667,威领股份,深圳
002668,TCL智家,深圳
002669,康达新材,深圳
002670,国盛金控,深圳
002671,龙泉股份,深圳
002672,东江环保,深圳
002673,西部证券,深圳
002674,兴业科技,深圳
002675,东诚药业,深圳
002676,顺威股份,深圳
002677,浙江美大,深圳
002678,珠江钢琴,深圳
002679,福建金森,深圳
002681,奋达科技,深圳
002682,龙洲股份,深圳
002683,广东宏大,深圳
002685,华东重机,深圳
002686,亿利达,深圳
002687,乔治白,深圳
002688,金河生物,深圳
002689,远大智能,深圳
002690,美亚光电,深圳
002691,冀凯股份,深圳
002692,远程股份,深圳
002693,*ST双成,深圳
002694,顾地科技,深圳
002695,煌上煌,深圳
002696,百洋股份,深圳
002697,红旗连锁,深圳
002698,博实股份,深圳
002700,万憬能源,深圳
002701,奥瑞金,深圳
002702,海欣食品,深圳
002703,浙江世宝,深圳
002705,新宝股份,深圳
002706,良信股份,深圳
002707,众信旅游,深圳
002708,光洋股份,深圳
002709,天赐材料,深圳
002712,思美传媒,深圳
002713,*ST东易,深圳
002714,牧原股份,深圳
002715,登云股份,深圳
002716,湖南白银,深圳
002717,ST岭南,深圳
002718,友邦吊顶,深圳
002719,麦趣尔,深圳
002721,金一文化,深圳
002722,物产金轮,深圳
002723,小崧股份,深圳
002724,海洋王,深圳
002725,跃岭股份,深圳
002726,龙大美食,深圳
002727,一心堂,深圳
002728,特一药业,深圳
002729,好利科技,深圳
002730,电光科技,深圳
002731,萃华珠宝,深圳
002732,燕塘乳业,深圳
002733,雄韬股份,深圳
002734,利民股份,深圳
002735,王子新材,深圳
002736,国信证券,深圳
002737,葵花药业,深圳
002738,中矿资源,深圳
002739,万达电影,深圳
002741,光华科技,深圳
002742,*ST三圣,深圳
002743,富煌钢构,深圳
002745,木林森,深圳
002746,仙坛股份,深圳
002747,埃斯顿,深圳
002748,世龙实业,深圳
002749,国光股份,深圳
002752,昇兴股份,深圳
002753,永东股份,深圳
002755,奥赛康,深圳
002756,永兴材料,深圳
002757,南兴股份,深圳
002758,浙农股份,深圳
002759,天际股份,深圳
002760,凤形股份,深圳
002761,浙江建投,深圳
002762,*ST金比,深圳
002763,汇洁股份,深圳
002765,蓝黛科技,深圳
002766,索菱股份,深圳
002767,先锋电子,深圳
002768,国恩股份,深圳
002769,普路通,深圳
002771,真视通,深圳
002772,众兴菌业,深圳
002773,康弘药业,深圳
002774,快意电梯,深圳
002775,文科股份,深圳
002777,久远银海,深圳
002778,中晟高科,深圳
002779,中坚科技,深圳
002780,三夫户外,深圳
002782,可立克,深圳
002783,凯龙股份,深圳
002785,万里石,深圳
002786,银宝山新,深圳
002787,华源控股,深圳
002788,鹭燕医药,深圳
002789,*ST建艺,深圳
002790,瑞尔特,深圳
002791,坚朗五金,深圳
002792,通宇通讯,深圳
002793,罗欣药业,深圳
002795,永和智控,深圳
002796,世嘉科技,深圳
002797,第一创业,深圳
002798,帝欧家居,深圳
002799,环球印务,深圳
002800,天顺股份,深圳
002801,微光股份,深圳
002802,洪汇新材,深圳
002803,吉宏股份,深圳
002805,丰元股份,深圳
002806,华锋股份,深圳
002807,江阴银行,深圳
002808,*ST恒久,深圳
002809,红墙股份,深圳
002810,山东赫达,深圳
002811,郑中设计,深圳
002812,恩捷股份,深圳
002813,路畅科技,深圳
002815,崇达技术,深圳
002816,*ST和科,深圳
002817,黄山胶囊,深圳
002818,富森美,深圳
002819,东方中科,深圳
002820,桂发祥,深圳
002821,凯莱英,深圳
002822,*ST中装,深圳
002823,凯中精密,深圳
002824,和胜股份,深圳
002825,纳尔股份,深圳
002826,易明医药,深圳
002827,高争民爆,深圳
002828,贝肯能源,深圳
002829,星网宇达,深圳
002830,名雕股份,深圳
002831,裕同科技,深圳
002832,比音勒芬,深圳
002833,弘亚数控,深圳
002835,同为股份,深圳
002836,新宏泽,深圳
002837,英维克,深圳
002838,道恩股份,深圳
002839,张家港行,深圳
002840,华统股份,深圳
002841,视源股份,深圳
002842,翔鹭钨业,深圳
002843,泰嘉股份,深圳
002845,同兴达,深圳
002846,英联股份,深圳
002847,盐津铺子,深圳
002848,*ST高斯,深圳
002849,威星智能,深圳
002850,科达利,深圳
002851,麦格米特,深圳
002852,道道全,深圳
002853,皮阿诺,深圳
002855,捷荣技术,深圳
002856,美芝股份,深圳
002857,三晖电气,深圳
002858,力盛体育,深圳
002859,洁美科技,深圳
002860,星帅尔,深圳
002861,瀛通通讯,深圳
002862,实丰文化,深圳
002863,今飞凯达,深圳
002864,盘龙药业,深圳
002865,钧达股份,深圳
002866,传艺科技,深圳
002867,周大生,深圳
002868,*ST绿康,深圳
002869,金溢科技,深圳
002870,香山股份,深圳
002871,伟隆股份,深圳
002872,ST天圣,深圳
002873,新天药业,深圳
002875,安奈儿,深圳
002876,三利谱,深圳
002877,智能自控,深圳
002878,元隆雅图,深圳
002879,长缆科技,深圳
002880,卫光生物,深圳
002881,美格智能,深圳
002882,金龙羽,深圳
002883,中设股份,深圳
002884,凌霄泵业,深圳
002885,京泉华,深圳
002886,沃特股份,深圳
002887,绿茵生态,深圳
002888,惠威科技,深圳
002889,东方嘉盛,深圳
002890,弘宇股份,深圳
002891,中宠股份,深圳
002892,科力尔,深圳
002893,京能热力,深圳
002895,川恒股份,深圳
002896,中大力德,深圳
002897,意华股份,深圳
002898,*ST赛隆,深圳
002899,英派斯,深圳
002900,哈三联,深圳
002901,大博医疗,深圳
002902,铭普光磁,深圳
002903,宇环数控,深圳
002905,金逸影视,深圳
002906,华阳集团,深圳
002907,华森制药,深圳
002908,德生科技,深圳
002909,集泰股份,深圳
002910,庄园牧场,深圳
002911,佛燃能源,深圳
002912,中新赛克,深圳
002913,奥士康,深圳
002915,中欣氟材,深圳
002916,深南电路,深圳
002917,金奥博,深圳
002918,蒙娜丽莎,深圳
002919,名臣健康,深圳
002920,德赛西威,深圳
002921,联诚精密,深圳
002922,伊戈尔,深圳
002923,润都股份,深圳
002925,盈趣科技,深圳
002926,华西证券,深圳
002927,泰永长征,深圳
002928,华夏航空,深圳
002929,润建股份,深圳
002930,宏川智慧,深圳
002931,锋龙股份,深圳
002932,明德生物,深圳
002933,新兴装备,深圳
002935,天奥电子,深圳
002936,郑州银行,深圳
002937,兴瑞科技,深圳
002938,鹏鼎控股,深圳
002939,长城证券,深圳
002940,昂利康,深圳
002941,新疆交建,深圳
002942,新农股份,深圳
002943,宇晶股份,深圳
002945,华林证券,深圳
002946,新乳业,深圳
002947,恒铭达,深圳
002948,青岛银行,深圳
002949,华阳国际,深圳
002950,奥美医疗,深圳
002951,金时科技,深圳
002952,亚世光电,深圳
002953,日丰股份,深圳
002955,鸿合科技,深圳
002956,西麦食品,深圳
002957,科瑞技术,深圳
002958,青农商行,深圳
002959,小熊电器,深圳
002960,青鸟消防,深圳
002961,瑞达期货,深圳
002962,五方光电,深圳
002963,豪尔赛,深圳
002965,祥鑫科技,深圳
002966,苏州银行,深圳
002967,广电计量,深圳
002968,新大正,深圳
002969,嘉美包装,深圳
002970,锐明技术,深圳
002971,和远气体,深圳
002972,科安达,深圳
002973,侨银股份,深圳
002975,博杰股份,深圳
002976,瑞玛精密,深圳
002977,天箭科技,深圳
002978,安宁股份,深圳
002979,雷赛智能,深圳
002980,华盛昌,深圳
002981,朝阳科技,深圳
002982,湘佳股份,深圳
002983,芯瑞达,深圳
002984,森麒麟,深圳
002985,北摩高科,深圳
002986,宇新股份,深圳
002987,京北方,深圳
002988,豪美新材,深圳
002989,中天精装,深圳
002990,盛视科技,深圳
002991,甘源食品,深圳
002992,宝明科技,深圳
002993,奥海科技,深圳
002995,天地在线,深圳
002996,顺博合金,深圳
002997,瑞鹄模具,深圳
002998,优彩资源,深圳
002999,天禾股份,深圳
003000,劲仔食品,深圳
003001,中岩大地,深圳
003002,壶化股份,深圳
003003,天元股份,深圳
003004,*ST声迅,深圳
003005,竞业达,深圳
003006,百亚股份,深圳
003007,直真科技,深圳
003008,开普检测,深圳
003009,中天火箭,深圳
003010,若羽臣,深圳
003011,海象新材,深圳
003012,东鹏控股,深圳
003013,地铁设计,深圳
003015,日久光电,深圳
003016,欣贺股份,深圳
003017,大洋生物,深圳
003018,金富科技,深圳
003019,宸展光电,深圳
003020,立方制药,深圳
003021,兆威机电,深圳
003022,联泓新科,深圳
003023,彩虹集团,深圳
003025,思进智能,深圳
003026,中晶科技,深圳
003027,同兴科技,深圳
003028,振邦智能,深圳
003029,吉大正元,深圳
003030,祖名股份,深圳
003031,中瓷电子,深圳
003032,*ST传智,深圳
003033,征和工业,深圳
003035,南网能源,深圳
003036,泰坦股份,深圳
003037,三和管桩,深圳
003038,鑫铂股份,深圳
003039,顺控发展,深圳
003040,楚天龙,深圳
003041,真爱美家,深圳
003042,中农联合,深圳
003043,华亚智能,深圳
003816,中国广核,深圳
300001,特锐德,深圳
300002,神州泰岳,深圳
300003,乐普医疗,深圳
300004,南风股份,深圳
300005,探路者,深圳
300006,莱美药业,深圳
300007,汉威科技,深圳
300008,天海防务,深圳
300009,安科生物,深圳
300010,豆神教育,深圳
300011,鼎汉技术,深圳
300012,华测检测,深圳
300013,新宁物流,深圳
300014,亿纬锂能,深圳
300015,爱尔眼科,深圳
300016,北陆药业,深圳
300017,网宿科技,深圳
300018,中元股份,深圳
300019,硅宝科技,深圳
300020,ST银江,深圳
300021,大禹节水,深圳
300022,吉峰科技,深圳
300024,机器人,深圳
300025,华星创业,深圳
300026,红日药业,深圳
300027,华谊兄弟,深圳
300029,*ST天龙,深圳
300030,阳普医疗,深圳
300031,宝通科技,深圳
300032,金龙机电,深圳
300033,同花顺,深圳
300034,钢研高纳,深圳
300035,中科电气,深圳
300036,超图软件,深圳
300037,新宙邦,深圳
300039,上海凯宝,深圳
300040,九洲集团,深圳
300041,回天新材,深圳
300042,朗科科技,深圳
300043,星辉娱乐,深圳
300044,ST赛为,深圳
300045,华力创通,深圳
300046,台基股份,深圳
300047,天源迪科,深圳
300048,合康新能,深圳
300049,福瑞股份,深圳
300050,世纪鼎利,深圳
300051,琏升科技,深圳
300052,ST中青宝,深圳
300053,航宇微,深圳
300054,鼎龙股份,深圳
300055,万邦达,深圳
300056,中创环保,深圳
300057,万顺新材,深圳
300058,蓝色光标,深圳
300059,东方财富,深圳
300061,旗天科技,深圳
300062,中能电气,深圳
300063,天龙集团,深圳
300065,海兰信,深圳
300066,三川智慧,深圳
300067,安诺其,深圳
300068,南都电源,深圳
300069,金利华电,深圳
300070,碧水源,深圳
300071,福石控股,深圳
300072,海新能科,深圳
300073,当升科技,深圳
300074,华平股份,深圳
300075,数字政通,深圳
300076,GQY视讯,深圳
300077,国民技术,深圳
300078,思创医惠,深圳
300079,数码视讯,深圳
300080,易成新能,深圳
300081,恒信东方,深圳
300082,奥克股份,深圳
300083,创世纪,深圳
300084,海默科技,深圳
300085,银之杰,深圳
300086,康芝药业,深圳
300087,荃银高科,深圳
300088,长信科技,深圳
300091,金通灵,深圳
300092,科新机电,深圳
300093,*ST金刚,深圳
300094,国联水产,深圳
300095,华伍股份,深圳
300096,ST易联众,深圳
300097,ST智云,深圳
300098,高新兴,深圳
300099,尤洛卡,深圳
300100,双林股份,深圳
300101,振芯科技,深圳
300102,乾照光电,深圳
300103,达刚控股,深圳
300105,龙源技术,深圳
300106,西部牧业,深圳
300107,建新股份,深圳
300109,新开源,深圳
300110,华仁药业,深圳
300111,向日葵,深圳
300112,万讯自控,深圳
300113,顺网科技,深圳
300115,长盈精密,深圳
300118,东方日升,深圳
300119,瑞普生物,深圳
300120,经纬辉开,深圳
300121,阳谷华泰,深圳
300122,智飞生物,深圳
300123,亚光科技,深圳
300124,汇川技术,深圳
300125,*ST聆达,深圳
300126,锐奇股份,深圳
300127,银河磁体,深圳
300128,锦富技术,深圳
300129,泰胜风能,深圳
300130,新国都,深圳
300131,英唐智控,深圳
300132,青松股份,深圳
300133,华策影视,深圳
300134,大富科技,深圳
300135,宝利国际,深圳
300136,信维通信,深圳
300137,ST先河,深圳
300138,晨光生物,深圳
300139,晓程科技,深圳
300140,节能环境,深圳
300141,和顺电气,深圳
300142,沃森生物,深圳
300143,盈康生命,深圳
300144,宋城演艺,深圳
300145,南方泵业,深圳
300146,汤臣倍健,深圳
300147,ST香雪,深圳
300148,天舟文化,深圳
300149,睿智医药,深圳
300150,世纪瑞尔,深圳
300151,昌红科技,深圳
300152,ST新动力,深圳
300153,科泰电源,深圳
300154,瑞凌股份,深圳
300155,安居宝,深圳
300157,新锦动力,深圳
300158,振东制药,深圳
300159,*ST新研,深圳
300160,秀强股份,深圳
300161,华中数控,深圳
300162,雷曼光电,深圳
300163,先锋新材,深圳
300164,通源石油,深圳
300165,ST天瑞,深圳
300166,东方国信,深圳
300167,ST迪威迅,深圳
300168,万达信息,深圳
300169,天晟新材,深圳
300170,汉得信息,深圳
300171,东富龙,深圳
300172,中电环保,深圳
300173,福能东方,深圳
300174,元力股份,深圳
300175,ST朗源,深圳
300176,鸿特科技,深圳
300177,中海达,深圳
300179,四方达,深圳
300180,华峰超纤,深圳
300181,佐力药业,深圳
300182,捷成股份,深圳
300183,东软载波,深圳
300184,力源信息,深圳
300185,通裕重工,深圳
300187,永清环保,深圳
300188,国投智能,深圳
300189,神农种业,深圳
300190,维尔利,深圳
300191,潜能恒信,深圳
300192,科德教育,深圳
300193,佳士科技,深圳
300194,福安药业,深圳
300195,长荣股份,深圳
300196,长海股份,深圳
300197,节能铁汉,深圳
300198,ST纳川,深圳
300199,翰宇药业,深圳
300200,高盟新材,深圳
300201,海伦哲,深圳
300203,聚光科技,深圳
300204,舒泰神,深圳
300205,*ST天喻,深圳
300206,理邦仪器,深圳
300207,欣旺达,深圳
300209,有棵树,深圳
300210,森远股份,深圳
300211,*ST亿通,深圳
300212,易华录,深圳
300213,佳讯飞鸿,深圳
300214,日科化学,深圳
300215,电科院,深圳
300217,东方电热,深圳
300218,安利股份,深圳
300219,鸿利智汇,深圳
300220,金运激光,深圳
300221,银禧科技,深圳
300222,科大智能,深圳
300223,北京君正,深圳
300224,正海磁材,深圳
300225,*ST金泰,深圳
300226,上海钢联,深圳
300227,光韵达,深圳
300228,富瑞特装,深圳
300229,拓尔思,深圳
300230,永利股份,深圳
300231,银信科技,深圳
300232,洲明科技,深圳
300233,金城医药,深圳
300234,开尔新材,深圳
300235,方直科技,深圳
300236,上海新阳,深圳
300237,美晨科技,深圳
300238,冠昊生物,深圳
300239,东宝生物,深圳
300240,飞力达,深圳
300241,瑞丰光电,深圳
300242,佳云科技,深圳
300243,瑞丰高材,深圳
300244,迪安诊断,深圳
300245,天玑科技,深圳
300246,宝莱特,深圳
300247,融捷健康,深圳
300248,新开普,深圳
300249,依米康,深圳
300250,初灵信息,深圳
300251,光线传媒,深圳
300252,金信诺,深圳
300253,卫宁健康,深圳
300254,仟源医药,深圳
300255,常山药业,深圳
300256,星星科技,深圳
300257,开山股份,深圳
300258,精锻科技,深圳
300259,新天科技,深圳
300260,新莱应材,深圳
300261,雅本化学,深圳
300263,隆华科技,深圳
300264,佳创视讯,深圳
300265,通光线缆,深圳
300266,兴源环境,深圳
300267,尔康制药,深圳
300268,*ST佳沃,深圳
300269,联建光电,深圳
300270,中威电子,深圳
300271,华宇软件,深圳
300272,开能健康,深圳
300274,阳光电源,深圳
300275,梅安森,深圳
300276,三丰智能,深圳
300277,海联讯,深圳
300278,华昌达,深圳
300279,和晶科技,深圳
300280,*ST紫天,深圳
300281,金明精机,深圳
300283,温州宏丰,深圳
300284,苏交科,深圳
300285,国瓷材料,深圳
300286,安科瑞,深圳
300287,飞利信,深圳
300288,朗玛信息,深圳
300289,利德曼,深圳
300290,荣科科技,深圳
300291,百纳千成,深圳
300292,吴通控股,深圳
300293,蓝英装备,深圳
300294,博雅生物,深圳
300295,三六五网,深圳
300296,利亚德,深圳
300298,三诺生物,深圳
300299,富春股份,深圳
300300,海峡创新,深圳
300301,ST长方,深圳
300302,同有科技,深圳
300303,聚飞光电,深圳
300304,云意电气,深圳
300305,裕兴股份,深圳
300306,远方信息,深圳
300307,慈星股份,深圳
300308,中际旭创,深圳
300310,宜通世纪,深圳
300311,ST任子行,深圳
300313,*ST天山,深圳
300314,戴维医疗,深圳
300315,掌趣科技,深圳
300316,晶盛机电,深圳
300317,珈伟新能,深圳
300318,博晖创新,深圳
300319,麦捷科技,深圳
300320,海达股份,深圳
300321,同大股份,深圳
300322,硕贝德,深圳
300323,华灿光电,深圳
300324,旋极信息,深圳
300326,ST凯利,深圳
300327,中颖电子,深圳
300328,宜安科技,深圳
300329,海伦钢琴,深圳
300331,苏大维格,深圳
300332,天壕能源,深圳
300333,兆日科技,深圳
300334,津膜科技,深圳
300335,迪森股份,深圳
300337,银邦股份,深圳
300338,ST开元,深圳
300339,润和软件,深圳
300340,科恒股份,深圳
300341,麦克奥迪,深圳
300342,天银机电,深圳
300343,ST联创,深圳
300344,ST立方,深圳
300345,华民股份,深圳
300346,南大光电,深圳
300347,泰格医药,深圳
300348,长亮科技,深圳
300349,金卡智能,深圳
300350,华鹏飞,深圳
300351,永贵电器,深圳
300352,北信源,深圳
300353,东土科技,深圳
300354,东华测试,深圳
300355,蒙草生态,深圳
300357,我武生物,深圳
300358,楚天科技,深圳
300359,全通教育,深圳
300360,炬华科技,深圳
300363,博腾股份,深圳
300364,中文在线,深圳
300365,恒华科技,深圳
300366,创意信息,深圳
300368,汇金股份,深圳
300369,绿盟科技,深圳
300370,安控科技,深圳
300371,汇中股份,深圳
300373,扬杰科技,深圳
300374,中铁装配,深圳
300375,鹏翎股份,深圳
300376,ST易事特,深圳
300377,赢时胜,深圳
300378,鼎捷数智,深圳
300379,*ST东通,深圳
300380,安硕信息,深圳
300381,溢多利,深圳
300382,斯莱克,深圳
300383,光环新网,深圳
300384,三联虹普,深圳
300385,雪浪环境,深圳
300386,飞天诚信,深圳
300387,富邦科技,深圳
300388,节能国祯,深圳
300389,艾比森,深圳
300390,天华新能,深圳
300391,*ST长药,深圳
300393,中来股份,深圳
300394,天孚通信,深圳
300395,菲利华,深圳
300396,迪瑞医疗,深圳
300397,天和防务,深圳
300398,飞凯材料,深圳
300399,天利科技,深圳
300400,劲拓股份,深圳
300401,花园生物,深圳
300402,宝色股份,深圳
300403,汉宇集团,深圳
300404,博济医药,深圳
300405,科隆股份,深圳
300406,九强生物,深圳
300407,凯发电气,深圳
300408,三环集团,深圳
300409,道氏技术,深圳
300410,正业科技,深圳
300411,金盾股份,深圳
300412,迦南科技,深圳
300413,芒果超媒,深圳
300414,中光防雷,深圳
300415,伊之密,深圳
300416,苏试试验,深圳
300417,南华仪器,深圳
300418,昆仑万维,深圳
300419,ST浩丰,深圳
300420,五洋自控,深圳
300421,力星股份,深圳
300422,博世科,深圳
300423,昇辉科技,深圳
300424,航新科技,深圳
300425,中建环能,深圳
300426,华智数媒,深圳
300427,红相股份,深圳
300428,立中集团,深圳
300429,强力新材,深圳
300430,诚益通,深圳
300432,富临精工,深圳
300433,蓝思科技,深圳
300434,金石亚药,深圳
300435,中泰股份,深圳
300436,广生堂,深圳
300437,清水源,深圳
300438,鹏辉能源,深圳
300439,美康生物,深圳
300440,运达科技,深圳
300441,鲍斯股份,深圳
300442,润泽科技,深圳
300443,金雷股份,深圳
300444,双杰电气,深圳
300445,康斯特,深圳
300446,航天智造,深圳
300447,全信股份,深圳
300448,浩云科技,深圳
300449,汉邦高科,深圳
300450,先导智能,深圳
300451,创业慧康,深圳
300452,山河药辅,深圳
300453,三鑫医疗,深圳
300454,深信服,深圳
300455,航天智装,深圳
300456,赛微电子,深圳
300457,赢合科技,深圳
300458,全志科技,深圳
300459,汤姆猫,深圳
300460,惠伦晶体,深圳
300461,田中精机,深圳
300462,ST华铭,深圳
300463,迈克生物,深圳
300464,星徽股份,深圳
300465,高伟达,深圳
300466,赛摩智能,深圳
300467,迅游科技,深圳
300468,四方精创,深圳
300469,信息发展,深圳
300470,中密控股,深圳
300471,厚普股份,深圳
300472,*ST新元,深圳
300473,德尔股份,深圳
300474,景嘉微,深圳
300475,香农芯创,深圳
300476,胜宏科技,深圳
300477,ST合纵,深圳
300478,杭州高新,深圳
300479,神思电子,深圳
300480,光力科技,深圳
300481,濮阳惠成,深圳
300482,万孚生物,深圳
300483,首华燃气,深圳
300484,蓝海华腾,深圳
300485,赛升药业,深圳
300486,东杰智能,深圳
300487,蓝晓科技,深圳
300488,恒锋工具,深圳
300489,光智科技,深圳
300490,华自科技,深圳
300491,通合科技,深圳
300492,华图山鼎,深圳
300493,润欣科技,深圳
300494,盛天网络,深圳
300496,中科创达,深圳
300497,富祥药业,深圳
300498,温氏股份,深圳
300499,高澜股份,深圳
300500,启迪设计,深圳
300501,海顺新材,深圳
300502,新易盛,深圳
300503,昊志机电,深圳
300504,天邑股份,深圳
300505,川金诺,深圳
300506,ST名家汇,深圳
300507,苏奥传感,深圳
300508,维宏股份,深圳
300509,新美星,深圳
300510,金冠股份,深圳
300511,雪榕生物,深圳
300512,中亚股份,深圳
300513,恒实科技,深圳
300514,友讯达,深圳
300515,三德科技,深圳
300516,久之洋,深圳
300517,海波重科,深圳
300518,新迅达,深圳
300519,新光药业,深圳
300520,科大国创,深圳
300521,爱司凯,深圳
300522,世名科技,深圳
300523,辰安科技,深圳
300525,博思软件,深圳
300527,ST应急,深圳
300528,幸福蓝海,深圳
300529,健帆生物,深圳
300530,领湃科技,深圳
300531,优博讯,深圳
300532,今天国际,深圳
300533,冰川网络,深圳
300534,陇神戎发,深圳
300535,达威股份,深圳
300536,农尚环境,深圳
300537,广信材料,深圳
300538,同益股份,深圳
300539,横河精密,深圳
300540,蜀道装备,深圳
300541,先进数通,深圳
300542,新晨科技,深圳
300543,朗科智能,深圳
300545,联得装备,深圳
300546,雄帝科技,深圳
300547,川环科技,深圳
300548,长芯博创,深圳
300549,优德精密,深圳
300550,和仁科技,深圳
300551,古鳌科技,深圳
300552,万集科技,深圳
300553,集智股份,深圳
300554,三超新材,深圳
300555,ST路通,深圳
300556,丝路视觉,深圳
300557,理工光科,深圳
300558,贝达药业,深圳
300559,佳发教育,深圳
300560,中富通,深圳
300561,*ST汇科,深圳
300562,乐心医疗,深圳
300563,神宇股份,深圳
300564,筑博设计,深圳
300565,科信技术,深圳
300566,激智科技,深圳
300567,精测电子,深圳
300568,星源材质,深圳
300569,天能重工,深圳
300570,太辰光,深圳
300571,平治信息,深圳
300572,安车检测,深圳
300573,兴齐眼药,深圳
300575,中旗股份,深圳
300576,容大感光,深圳
300577,开润股份,深圳
300578,会畅通讯,深圳
300579,数字认证,深圳
300580,贝斯特,深圳
300581,晨曦航空,深圳
300582,英飞特,深圳
300583,赛托生物,深圳
300584,海辰药业,深圳
300585,奥联电子,深圳
300586,美联新材,深圳
300587,天铁科技,深圳
300588,熙菱信息,深圳
300589,江龙船艇,深圳
300590,移为通信,深圳
300591,万里马,深圳
300592,华凯易佰,深圳
300593,新雷能,深圳
300594,朗进科技,深圳
300595,欧普康视,深圳
300596,利安隆,深圳
300597,吉大通信,深圳
300598,诚迈科技,深圳
300599,雄塑科技,深圳
300600,国瑞科技,深圳
300601,康泰生物,深圳
300602,飞荣达,深圳
300603,立昂技术,深圳
300604,长川科技,深圳
300605,恒锋信息,深圳
300606,金太阳,深圳
300607,拓斯达,深圳
300608,思特奇,深圳
300609,汇纳科技,深圳
300610,晨化股份,深圳
300611,美力科技,深圳
300612,宣亚国际,深圳
300613,富瀚微,深圳
300614,百川畅银,深圳
300615,欣天科技,深圳
300616,尚品宅配,深圳
300617,安靠智电,深圳
300618,寒锐钴业,深圳
300619,金银河,深圳
300620,光库科技,深圳
300621,维业股份,深圳
300622,博士眼镜,深圳
300623,捷捷微电,深圳
300624,万兴科技,深圳
300625,三雄极光,深圳
300626,华瑞股份,深圳
300627,华测导航,深圳
300628,亿联网络,深圳
300629,新劲刚,深圳
300631,久吾高科,深圳
300632,光莆股份,深圳
300633,开立医疗,深圳
300634,彩讯股份,深圳
300635,中达安,深圳
300636,同和药业,深圳
300637,扬帆新材,深圳
300638,广和通,深圳
300639,凯普生物,深圳
300640,德艺文创,深圳
300641,正丹股份,深圳
300642,透景生命,深圳
300643,万通智控,深圳
300644,南京聚隆,深圳
300645,正元智慧,深圳
300647,超频三,深圳
300648,星云股份,深圳
300649,杭州园林,深圳
300650,太龙股份,深圳
300651,金陵体育,深圳
300652,雷迪克,深圳
300653,正海生物,深圳
300654,世纪天鸿,深圳
300655,晶瑞电材,深圳
300656,民德电子,深圳
300657,弘信电子,深圳
300658,延江股份,深圳
300659,中孚信息,深圳
300660,江苏雷利,深圳
300661,圣邦股份,深圳
300662,科锐国际,深圳
300663,科蓝软件,深圳
300664,鹏鹞环保,深圳
300665,飞鹿股份,深圳
300666,江丰电子,深圳
300667,必创科技,深圳
300668,杰恩设计,深圳
300669,沪宁股份,深圳
300670,大烨智能,深圳
300671,富满微,深圳
300672,国科微,深圳
300673,佩蒂股份,深圳
300674,宇信科技,深圳
300675,建科院,深圳
300676,华大基因,深圳
300677,英科医疗,深圳
300678,中科信息,深圳
300679,电连技术,深圳
300680,隆盛科技,深圳
300681,英搏尔,深圳
300682,朗新集团,深圳
300683,海特生物,深圳
300684,中石科技,深圳
300685,艾德生物,深圳
300686,智动力,深圳
300687,赛意信息,深圳
300688,创业黑马,深圳
300689,澄天伟业,深圳
300690,双一科技,深圳
300691,联合光电,深圳
300692,中环环保,深圳
300693,盛弘股份,深圳
300694,蠡湖股份,深圳
300695,兆丰股份,深圳
300696,爱乐达,深圳
300697,电工合金,深圳
300698,万马科技,深圳
300699,光威复材,深圳
300700,岱勒新材,深圳
300701,森霸传感,深圳
300702,天宇股份,深圳
300703,创源股份,深圳
300705,九典制药,深圳
300706,阿石创,深圳
300707,威唐工业,深圳
300708,聚灿光电,深圳
300709,精研科技,深圳
300710,万隆光电,深圳
300711,广哈通信,深圳
300712,永福股份,深圳
300713,英可瑞,深圳
300715,凯伦股份,深圳
300716,ST泉为,深圳
300717,华信新材,深圳
300718,长盛轴承,深圳
300719,安达维尔,深圳
300720,海川智能,深圳
300721,怡达股份,深圳
300722,新余国科,深圳
300723,一品红,深圳
300724,捷佳伟创,深圳
300725,药石科技,深圳
300726,宏达电子,深圳
300727,润禾材料,深圳
300729,乐歌股份,深圳
300730,科创信息,深圳
300731,科创新源,深圳
300732,设研院,深圳
300733,西菱动力,深圳
300735,光弘科技,深圳
300736,百邦科技,深圳
300737,科顺股份,深圳
300738,奥飞数据,深圳
300739,明阳电路,深圳
300740,水羊股份,深圳
300741,华宝股份,深圳
300743,天地数码,深圳
300745,欣锐科技,深圳
300746,汉嘉设计,深圳
300747,锐科激光,深圳
300748,金力永磁,深圳
300749,顶固集创,深圳
300750,宁德时代,深圳
300751,迈为股份,深圳
300752,隆利科技,深圳
300753,爱朋医疗,深圳
300755,华致酒行,深圳
300756,金马游乐,深圳
300757,罗博特科,深圳
300758,七彩化学,深圳
300759,康龙化成,深圳
300760,迈瑞医疗,深圳
300761,立华股份,深圳
300762,上海瀚讯,深圳
300763,锦浪科技,深圳
300765,新诺威,深圳
300766,每日互动,深圳
300767,震安科技,深圳
300768,迪普科技,深圳
300769,德方纳米,深圳
300770,新媒股份,深圳
300771,智莱科技,深圳
300772,运达股份,深圳
300773,拉卡拉,深圳
300774,倍杰特,深圳
300775,三角防务,深圳
300776,帝尔激光,深圳
300777,中简科技,深圳
300778,新城市,深圳
300779,惠城环保,深圳
300780,德恩精工,深圳
300781,因赛集团,深圳
300782,卓胜微,深圳
300783,三只松鼠,深圳
300784,利安科技,深圳
300785,值得买,深圳
300786,国林科技,深圳
300787,海能实业,深圳
300788,中信出版,深圳
300789,唐源电气,深圳
300790,宇瞳光学,深圳
300791,仙乐健康,深圳
300792,壹网壹创,深圳
300793,佳禾智能,深圳
300795,米奥会展,深圳
300796,贝斯美,深圳
300797,钢研纳克,深圳
300798,锦鸡股份,深圳
300800,力合科技,深圳
300801,泰和科技,深圳
300802,矩子科技,深圳
300803,指南针,深圳
300804,广康生化,深圳
300805,电声股份,深圳
300806,斯迪克,深圳
300807,天迈科技,深圳
300808,久量股份,深圳
300809,华辰装备,深圳
300810,中科海讯,深圳
300811,铂科新材,深圳
300812,易天股份,深圳
300813,泰林生物,深圳
300814,中富电路,深圳
300815,玉禾田,深圳
300816,艾可蓝,深圳
300817,双飞集团,深圳
300818,耐普矿机,深圳
300819,聚杰微纤,深圳
300820,英杰电气,深圳
300821,东岳硅材,深圳
300822,贝仕达克,深圳
300823,建科智能,深圳
300824,北鼎股份,深圳
300825,阿尔特,深圳
300826,测绘股份,深圳
300827,上能电气,深圳
300828,锐新科技,深圳
300829,金丹科技,深圳
300830,金现代,深圳
300831,派瑞股份,深圳
300832,新产业,深圳
300833,浩洋股份,深圳
300834,星辉环材,深圳
300835,龙磁科技,深圳
300836,佰奥智能,深圳
300837,浙矿股份,深圳
300838,浙江力诺,深圳
300839,博汇股份,深圳
300840,酷特智能,深圳
300841,康华生物,深圳
300842,帝科股份,深圳
300843,胜蓝股份,深圳
300844,山水比德,深圳
300845,捷安高科,深圳
300846,首都在线,深圳
300847,中船汉光,深圳
300848,美瑞新材,深圳
300849,锦盛新材,深圳
300850,新强联,深圳
300851,交大思诺,深圳
300852,四会富仕,深圳
300853,申昊科技,深圳
300854,中兰环保,深圳
300855,图南股份,深圳
300856,科思股份,深圳
300857,协创数据,深圳
300858,科拓生物,深圳
300859,西域旅游,深圳
300860,锋尚文化,深圳
300861,美畅股份,深圳
300862,蓝盾光电,深圳
300863,卡倍亿,深圳
300864,南大环境,深圳
300865,大宏立,深圳
300866,安克创新,深圳
300867,圣元环保,深圳
300868,杰美特,深圳
300869,康泰医学,深圳
300870,欧陆通,深圳
300871,回盛生物,深圳
300872,天阳科技,深圳
300873,海晨股份,深圳
300875,捷强装备,深圳
300876,蒙泰高新,深圳
300877,金春股份,深圳
300878,维康药业,深圳
300879,大叶股份,深圳
300880,迦南智能,深圳
300881,盛德鑫泰,深圳
300882,万胜智能,深圳
300883,龙利得,深圳
300884,狄耐克,深圳
300885,海昌新材,深圳
300886,华业香料,深圳
300887,谱尼测试,深圳
300888,稳健医疗,深圳
300889,爱克股份,深圳
300890,翔丰华,深圳
300891,惠云钛业,深圳
300892,品渥食品,深圳
300893,松原安全,深圳
300894,火星人,深圳
300895,铜牛信息,深圳
300896,爱美客,深圳
300897,山科智能,深圳
300898,熊猫乳品,深圳
300899,*ST凯鑫,深圳
300900,广联航空,深圳
300901,中胤时尚,深圳
300902,国安达,深圳
300903,科翔股份,深圳
300904,威力传动,深圳
300905,宝丽迪,深圳
300906,日月明,深圳
300907,康平科技,深圳
300908,仲景食品,深圳
300909,汇创达,深圳
300910,瑞丰新材,深圳
300911,亿田智能,深圳
300912,凯龙高科,深圳
300913,兆龙互连,深圳
300915,海融科技,深圳
300916,朗特智能,深圳
300917,特发服务,深圳
300918,南山智尚,深圳
300919,中伟股份,深圳
300920,润阳科技,深圳
300921,南凌科技,深圳
300922,天秦装备,深圳
300923,研奥股份,深圳
300925,法本信息,深圳
300926,博俊科技,深圳
300927,江天化学,深圳
300928,华安鑫创,深圳
300929,华骐环保,深圳
300930,屹通新材,深圳
300931,通用电梯,深圳
300932,三友联众,深圳
300933,中辰股份,深圳
300935,盈建科,深圳
300936,中英科技,深圳
300937,药易购,深圳
300938,信测标准,深圳
300939,秋田微,深圳
300940,南极光,深圳
300941,创识科技,深圳
300942,易瑞生物,深圳
300943,春晖智控,深圳
300945,曼卡龙,深圳
300946,恒而达,深圳
300947,德必集团,深圳
300948,冠中生态,深圳
300949,奥雅股份,深圳
300950,德固特,深圳
300951,博硕科技,深圳
300952,恒辉安防,深圳
300953,震裕科技,深圳
300955,嘉亨家化,深圳
300956,英力股份,深圳
300957,贝泰妮,深圳
300958,建工修复,深圳
300959,线上线下,深圳
300960,通业科技,深圳
300961,深水海纳,深圳
300962,中金辐照,深圳
300963,中洲特材,深圳
300964,本川智能,深圳
300965,恒宇信通,深圳
300966,共同药业,深圳
300967,晓鸣股份,深圳
300968,格林精密,深圳
300969,恒帅股份,深圳
300970,华绿生物,深圳
300971,博亚精工,深圳
300972,万辰集团,深圳
300973,立高食品,深圳
300975,商络电子,深圳
300976,达瑞电子,深圳
300977,深圳瑞捷,深圳
300978,东箭科技,深圳
300979,华利集团,深圳
300980,祥源新材,深圳
300981,中红医疗,深圳
300982,苏文电能,深圳
300983,尤安设计,深圳
300984,金沃股份,深圳
300985,致远新能,深圳
300986,志特新材,深圳
300987,川网传媒,深圳
300988,津荣天宇,深圳
300989,蕾奥规划,深圳
300990,同飞股份,深圳
300991,创益通,深圳
300992,泰福泵业,深圳
300993,玉马科技,深圳
300994,久祺股份,深圳
300995,奇德新材,深圳
300996,普联软件,深圳
300997,欢乐家,深圳
300998,宁波方正,深圳
300999,金龙鱼,深圳
301000,肇民科技,深圳
301001,凯淳股份,深圳
301002,崧盛股份,深圳
301003,江苏博云,深圳
301004,嘉益股份,深圳
301005,超捷股份,深圳
301006,迈拓股份,深圳
301007,德迈仕,深圳
301008,宏昌科技,深圳
301009,可靠股份,深圳
301010,晶雪节能,深圳
301011,华立科技,深圳
301012,扬电科技,深圳
301013,利和兴,深圳
301015,百洋医药,深圳
301016,雷尔伟,深圳
301017,漱玉平民,深圳
301018,申菱环境,深圳
301019,宁波色母,深圳
301020,密封科技,深圳
301021,英诺激光,深圳
301022,海泰科,深圳
301023,江南奕帆,深圳
301024,霍普股份,深圳
301025,读客文化,深圳
301026,浩通科技,深圳
301027,华蓝集团,深圳
301028,东亚机械,深圳
301029,怡合达,深圳
301030,仕净科技,深圳
301031,中熔电气,深圳
301032,新柴股份,深圳
301033,迈普医学,深圳
301035,润丰股份,深圳
301036,双乐股份,深圳
301037,保立佳,深圳
301038,深水规院,深圳
301039,中集车辆,深圳
301040,中环海陆,深圳
301041,金百泽,深圳
301042,安联锐视,深圳
301043,绿岛风,深圳
301045,天禄科技,深圳
301046,能辉科技,深圳
301047,义翘神州,深圳
301048,金鹰重工,深圳
301049,超越科技,深圳
301050,雷电微力,深圳
301051,信濠光电,深圳
301052,果麦文化,深圳
301053,远信工业,深圳
301055,张小泉,深圳
301056,森赫股份,深圳
301057,汇隆新材,深圳
301058,中粮科工,深圳
301059,金三江,深圳
301060,兰卫医学,深圳
301061,匠心家居,深圳
301062,上海艾录,深圳
301063,海锅股份,深圳
301065,本立科技,深圳
301066,万事利,深圳
301067,显盈科技,深圳
301068,大地海洋,深圳
301069,凯盛新材,深圳
301070,开勒股份,深圳
301071,力量钻石,深圳
301072,中捷精工,深圳
301073,君亭酒店,深圳
301075,多瑞医药,深圳
301076,新瀚新材,深圳
301077,星华新材,深圳
301078,孩子王,深圳
301079,邵阳液压,深圳
301080,百普赛斯,深圳
301081,严牌股份,深圳
301082,久盛电气,深圳
301083,百胜智能,深圳
301085,亚康股份,深圳
301086,鸿富瀚,深圳
301087,可孚医疗,深圳
301088,戎美股份,深圳
301089,拓新药业,深圳
301090,华润材料,深圳
301091,深城交,深圳
301092,争光股份,深圳
301093,华兰股份,深圳
301095,广立微,深圳
301096,百诚医药,深圳
301097,天益医疗,深圳
301098,金埔园林,深圳
301099,雅创电子,深圳
301100,风光股份,深圳
301101,明月镜片,深圳
301102,兆讯传媒,深圳
301103,何氏眼科,深圳
301105,鸿铭股份,深圳
301106,骏成科技,深圳
301107,瑜欣电子,深圳
301108,洁雅股份,深圳
301109,军信股份,深圳
301110,青木科技,深圳
301111,粤万年青,深圳
301112,信邦智能,深圳
301113,雅艺科技,深圳
301115,联检科技,深圳
301116,益客食品,深圳
301117,佳缘科技,深圳
301118,恒光股份,深圳
301119,正强股份,深圳
301120,新特电气,深圳
301121,紫建电子,深圳
301122,采纳股份,深圳
301123,奕东电子,深圳
301125,腾亚精工,深圳
301126,达嘉维康,深圳
301127,武汉天源,深圳
301128,强瑞技术,深圳
301129,瑞纳智能,深圳
301130,西点药业,深圳
301131,聚赛龙,深圳
301132,满坤科技,深圳
301133,金钟股份,深圳
301135,瑞德智能,深圳
301136,招标股份,深圳
301137,哈焊华通,深圳
301138,华研精机,深圳
301139,元道通信,深圳
301141,中科磁业,深圳
301148,嘉戎技术,深圳
301149,隆华新材,深圳
301150,中一科技,深圳
301151,冠龙节能,深圳
301152,天力锂能,深圳
301153,中科江南,深圳
301155,海力风电,深圳
301156,美农生物,深圳
301157,华塑科技,深圳
301158,德石股份,深圳
301159,三维天地,深圳
301160,翔楼新材,深圳
301161,唯万密封,深圳
301162,国能日新,深圳
301163,宏德股份,深圳
301165,锐捷网络,深圳
301166,优宁维,深圳
301167,建研设计,深圳
301168,通灵股份,深圳
301169,零点有数,深圳
301170,锡南科技,深圳
301171,易点天下,深圳
301172,君逸数码,深圳
301173,毓恬冠佳,深圳
301175,中科环保,深圳
301176,逸豪新材,深圳
301177,迪阿股份,深圳
301178,天亿马,深圳
301179,泽宇智能,深圳
301180,万祥科技,深圳
301181,标榜股份,深圳
301182,凯旺科技,深圳
301183,东田微,深圳
301185,鸥玛软件,深圳
301186,超达装备,深圳
301187,欧圣电气,深圳
301188,力诺药包,深圳
301189,奥尼电子,深圳
301190,善水科技,深圳
301191,菲菱科思,深圳
301192,泰祥股份,深圳
301193,家联科技,深圳
301195,北路智控,深圳
301196,唯科科技,深圳
301197,工大科雅,深圳
301198,喜悦智行,深圳
301199,迈赫股份,深圳
301200,大族数控,深圳
301201,诚达药业,深圳
301202,朗威股份,深圳
301203,国泰环保,深圳
301205,联特科技,深圳
301206,三元生物,深圳
301207,华兰疫苗,深圳
301208,中亦科技,深圳
301209,联合化学,深圳
301210,金杨股份,深圳
301211,亨迪药业,深圳
301212,联盛化学,深圳
301213,观想科技,深圳
301215,中汽股份,深圳
301216,万凯新材,深圳
301217,铜冠铜箔,深圳
301218,华是科技,深圳
301219,腾远钴业,深圳
301220,亚香股份,深圳
301221,光庭信息,深圳
301222,浙江恒威,深圳
301223,中荣股份,深圳
301225,恒勃股份,深圳
301226,祥明智能,深圳
301227,森鹰窗业,深圳
301228,实朴检测,深圳
301229,纽泰格,深圳
301230,泓博医药,深圳
301231,荣信文化,深圳
301232,飞沃科技,深圳
301233,盛帮股份,深圳
301234,五洲医疗,深圳
301235,华康洁净,深圳
301236,软通动力,深圳
301237,和顺科技,深圳
301238,瑞泰新材,深圳
301239,普瑞眼科,深圳
301246,宏源药业,深圳
301248,杰创智能,深圳
301251,威尔高,深圳
301252,同星科技,深圳
301255,通力科技,深圳
301256,华融化学,深圳
301257,普蕊斯,深圳
301258,富士莱,深圳
301259,艾布鲁,深圳
301260,格力博,深圳
301261,恒工精密,深圳
301262,海看股份,深圳
301263,泰恩康,深圳
301265,华新环保,深圳
301266,宇邦新材,深圳
301267,华厦眼科,深圳
301268,铭利达,深圳
301269,华大九天,深圳
301270,汉仪股份,深圳
301272,英华特,深圳
301273,瑞晨环保,深圳
301275,汉朔科技,深圳
301276,嘉曼服饰,深圳
301277,新天地,深圳
301278,快可电子,深圳
301279,金道科技,深圳
301280,珠城科技,深圳
301281,科源制药,深圳
301282,金禄电子,深圳
301283,聚胶股份,深圳
301285,鸿日达,深圳
301286,侨源股份,深圳
301287,康力源,深圳
301288,*ST清研,深圳
301289,国缆检测,深圳
301290,东星医疗,深圳
301291,明阳电气,深圳
301292,海科新源,深圳
301293,三博脑科,深圳
301295,美硕科技,深圳
301296,新巨丰,深圳
301297,富乐德,深圳
301298,东利机械,深圳
301299,卓创资讯,深圳
301300,远翔新材,深圳
301301,川宁生物,深圳
301302,华如科技,深圳
301303,真兰仪表,深圳
301305,朗坤科技,深圳
301306,西测测试,深圳
301307,美利信,深圳
301308,江波龙,深圳
301309,万得凯,深圳
301310,鑫宏业,深圳
301311,昆船智能,深圳
301312,智立方,深圳
301313,凡拓数创,深圳
301314,科瑞思,深圳
301315,威士顿,深圳
301316,慧博云通,深圳
301317,鑫磊股份,深圳
301318,维海德,深圳
301319,唯特偶,深圳
301320,豪江智能,深圳
301321,翰博高新,深圳
301322,绿通科技,深圳
301323,新莱福,深圳
301325,曼恩斯特,深圳
301326,捷邦科技,深圳
301327,华宝新能,深圳
301328,维峰电子,深圳
301329,信音电子,深圳
301330,熵基科技,深圳
301331,恩威医药,深圳
301332,德尔玛,深圳
301333,诺思格,深圳
301335,天元宠物,深圳
301336,趣睡科技,深圳
301337,亚华电子,深圳
301338,凯格精机,深圳
301339,通行宝,深圳
301345,涛涛车业,深圳
301348,蓝箭电子,深圳
301349,信德新材,深圳
301353,普莱得,深圳
301355,南王科技,深圳
301356,天振股份,深圳
301357,北方长龙,深圳
301358,湖南裕能,深圳
301359,东南电子,深圳
301360,荣旗科技,深圳
301361,众智科技,深圳
301362,民爆光电,深圳
301363,美好医疗,深圳
301365,矩阵股份,深圳
301366,一博科技,深圳
301367,瑞迈特,深圳
301368,丰立智能,深圳
301369,联动科技,深圳
301370,国科恒泰,深圳
301371,敷尔佳,深圳
301372,科净源,深圳
301373,凌玮科技,深圳
301376,致欧科技,深圳
301377,鼎泰高科,深圳
301378,通达海,深圳
301379,天山电子,深圳
301380,挖金客,深圳
301381,赛维时代,深圳
301382,蜂助手,深圳
301383,天键股份,深圳
301386,未来电器,深圳
301387,光大同创,深圳
301388,欣灵电气,深圳
301389,隆扬电子,深圳
301390,经纬股份,深圳
301391,卡莱特,深圳
301392,汇成真空,深圳
301393,昊帆生物,深圳
301395,仁信新材,深圳
301396,宏景科技,深圳
301397,溯联股份,深圳
301398,星源卓镁,深圳
301399,英特科技,深圳
301408,华人健康,深圳
301413,安培龙,深圳
301418,协昌科技,深圳
301419,阿莱德,深圳
301421,波长光电,深圳
301428,世纪恒通,深圳
301429,森泰股份,深圳
301439,泓淋电力,深圳
301446,福事特,深圳
301448,开创电气,深圳
301456,盘古智能,深圳
301458,钧崴电子,深圳
301459,丰茂股份,深圳
301468,博盈特焊,深圳
301469,恒达新材,深圳
301479,弘景光电,深圳
301486,致尚科技,深圳
301487,盟固利,深圳
301488,豪恩汽电,深圳
301489,思泉新材,深圳
301491,汉桑科技,深圳
301498,乖宝宠物,深圳
301499,维科精密,深圳
301500,飞南资源,深圳
301501,恒鑫生活,深圳
301502,华阳智能,深圳
301503,智迪科技,深圳
301505,苏州规划,深圳
301507,民生健康,深圳
301508,中机认检,深圳
301509,金凯生科,深圳
301510,固高科技,深圳
301511,德福科技,深圳
301512,智信精密,深圳
301515,港通医疗,深圳
301516,中远通,深圳
301517,陕西华达,深圳
301518,长华化学,深圳
301519,舜禹股份,深圳
301520,万邦医药,深圳
301522,上大股份,深圳
301525,儒竞科技,深圳
301526,国际复材,深圳
301528,多浦乐,深圳
301529,福赛科技,深圳
301533,威马农机,深圳
301535,浙江华远,深圳
301536,星宸科技,深圳
301538,骏鼎达,深圳
301539,宏鑫科技,深圳
301548,崇德科技,深圳
301550,斯菱股份,深圳
301551,无线传媒,深圳
301552,科力装备,深圳
301555,惠柏新材,深圳
301556,托普云农,深圳
301557,常友科技,深圳
301558,三态股份,深圳
301559,中集环科,深圳
301560,众捷汽车,深圳
301565,中仑新材,深圳
301566,达利凯普,深圳
301567,贝隆精密,深圳
301568,思泰克,深圳
301571,国科天成,深圳
301577,美信科技,深圳
301578,辰奕智能,深圳
301580,爱迪特,深圳
301581,黄山谷捷,深圳
301585,蓝宇股份,深圳
301586,佳力奇,深圳
301587,中瑞股份,深圳
301588,美新科技,深圳
301589,诺瓦星云,深圳
301590,优优绿能,深圳
301591,肯特股份,深圳
301592,六九一二,深圳
301595,太力科技,深圳
301596,瑞迪智驱,深圳
301598,博科测试,深圳
301600,慧翰股份,深圳
301601,惠通科技,深圳
301602,超研股份,深圳
301603,乔锋智能,深圳
301606,绿联科技,深圳
301607,富特科技,深圳
301608,博实结,深圳
301609,山大电力,深圳
301611,珂玛科技,深圳
301613,新铝时代,深圳
301616,浙江华业,深圳
301617,博苑股份,深圳
301618,长联科技,深圳
301622,英思特,深圳
301626,苏州天脉,深圳
301628,强达电路,深圳
301629,矽电股份,深圳
301630,同宇新材,深圳
301631,壹连科技,深圳
301632,广东建科,深圳
301633,港迪技术,深圳
301636,泽润新能,深圳
301658,首航新能,深圳
301662,宏工科技,深圳
301665,泰禾股份,深圳
301678,新恒汇,深圳
302132,中航成飞,深圳
600000,浦发银行,上海
600004,白云机场,上海
600006,东风股份,上海
600007,中国国贸,上海
600008,首创环保,上海
600009,上海机场,上海
600010,包钢股份,上海
600011,华能国际,上海
600012,皖通高速,上海
600015,华夏银行,上海
600016,民生银行,上海
600017,日照港,上海
600018,上港集团,上海
600019,宝钢股份,上海
600020,中原高速,上海
600021,上海电力,上海
600022,山东钢铁,上海
600023,浙能电力,上海
600025,华能水电,上海
600026,中远海能,上海
600027,华电国际,上海
600028,中国石化,上海
600029,南方航空,上海
600030,中信证券,上海
600031,三一重工,上海
600032,浙江新能,上海
600033,福建高速,上海
600035,楚天高速,上海
600036,招商银行,上海
600037,歌华有线,上海
600038,中直股份,上海
600039,四川路桥,上海
600048,保利发展,上海
600050,中国联通,上海
600051,宁波联合,上海
600052,东望时代,上海
600053,九鼎投资,上海
600054,黄山旅游,上海
600055,万东医疗,上海
600056,中国医药,上海
600057,厦门象屿,上海
600058,五矿发展,上海
600059,古越龙山,上海
600060,海信视像,上海
600061,国投资本,上海
600062,华润双鹤,上海
600063,皖维高新,上海
600064,南京高科,上海
600066,宇通客车,上海
600067,冠城新材,上海
600071,凤凰光学,上海
600072,中船科技,上海
600073,光明肉业,上海
600075,新疆天业,上海
600076,康欣新材,上海
600078,澄星股份,上海
600079,人福医药,上海
600080,金花股份,上海
600081,东风科技,上海
600082,海泰发展,上海
600084,中信尼雅,上海
600085,同仁堂,上海
600088,中视传媒,上海
600089,特变电工,上海
600094,大名城,上海
600095,湘财股份,上海
600096,云天化,上海
600097,开创国际,上海
600098,广州发展,上海
600099,林海股份,上海
600100,同方股份,上海
600101,明星电力,上海
600103,青山纸业,上海
600104,上汽集团,上海
600105,永鼎股份,上海
600106,重庆路桥,上海
600107,ST尔雅,上海
600108,亚盛集团,上海
600109,国金证券,上海
600110,诺德股份,上海
600111,北方稀土,上海
600113,浙江东日,上海
600114,东睦股份,上海
600115,中国东航,上海
600116,三峡水利,上海
600117,西宁特钢,上海
600118,中国卫星,上海
600119,长江投资,上海
600120,浙江东方,上海
600121,郑州煤电,上海
600123,兰花科创,上海
600125,铁龙物流,上海
600126,杭钢股份,上海
600127,金健米业,上海
600128,苏豪弘业,上海
600129,太极集团,上海
600130,*ST波导,上海
600131,国网信通,上海
600132,重庆啤酒,上海
600133,东湖高新,上海
600135,乐凯胶片,上海
600136,ST明诚,上海
600137,浪莎股份,上海
600138,中青旅,上海
600141,兴发集团,上海
600143,金发科技,上海
600148,长春一东,上海
600149,廊坊发展,上海
600150,中国船舶,上海
600151,航天机电,上海
600152,维科技术,上海
600153,建发股份,上海
600155,华创云信,上海
600156,华升股份,上海
600157,永泰能源,上海
600158,中体产业,上海
600159,大龙地产,上海
600160,巨化股份,上海
600161,天坛生物,上海
600162,香江控股,上海
600163,中闽能源,上海
600165,ST宁科,上海
600166,福田汽车,上海
600167,联美控股,上海
600168,武汉控股,上海
600169,太原重工,上海
600170,上海建工,上海
600171,上海贝岭,上海
600172,黄河旋风,上海
600173,卧龙新能,上海
600176,中国巨石,上海
600177,雅戈尔,上海
600178,东安动力,上海
600179,安通控股,上海
600180,瑞茂通,上海
600182,S佳通,上海
600183,生益科技,上海
600184,光电股份,上海
600185,珠免集团,上海
600186,莲花控股,上海
600187,国中水务,上海
600188,兖矿能源,上海
600189,泉阳泉,上海
600191,华资实业,上海
600192,长城电工,上海
600193,*ST创兴,上海
600195,中牧股份,上海
600196,复星医药,上海
600197,伊力特,上海
600198,大唐电信,上海
600199,金种子酒,上海
600200,*ST苏吴,上海
600201,生物股份,上海
600202,哈空调,上海
600203,福日电子,上海
600206,有研新材,上海
600207,安彩高科,上海
600208,衢州发展,上海
600210,紫江企业,上海
600211,西藏药业,上海
600212,绿能慧充,上海
600215,派斯林,上海
600216,浙江医药,上海
600217,中再资环,上海
600218,全柴动力,上海
600219,南山铝业,上海
600221,海航控股,上海
600222,太龙药业,上海
600223,福瑞达,上海
600226,亨通股份,上海
600227,赤天化,上海
600228,*ST返利,上海
600229,城市传媒,上海
600230,沧州大化,上海
600231,凌钢股份,上海
600232,金鹰股份,上海
600233,圆通速递,上海
600234,科新发展,上海
600235,民丰特纸,上海
600236,桂冠电力,上海
600237,铜峰电子,上海
600238,*ST椰岛,上海
600239,云南城投,上海
600241,时代万恒,上海
600243,*ST海华,上海
600246,万通发展,上海
600248,陕建股份,上海
600249,两面针,上海
600250,南京商旅,上海
600251,冠农股份,上海
600252,中恒集团,上海
600255,鑫科材料,上海
600256,广汇能源,上海
600257,大湖股份,上海
600258,首旅酒店,上海
600259,广晟有色,上海
600261,阳光照明,上海
600262,北方股份,上海
600265,ST景谷,上海
600266,城建发展,上海
600267,海正药业,上海
600268,国电南自,上海
600269,赣粤高速,上海
600271,航天信息,上海
600272,开开实业,上海
600273,嘉化能源,上海
600276,恒瑞医药,上海
600278,东方创业,上海
600279,重庆港,上海
600280,中央商场,上海
600281,华阳新材,上海
600282,南钢股份,上海
600283,钱江水利,上海
600284,浦东建设,上海
600285,羚锐制药,上海
600287,江苏舜天,上海
600288,大恒科技,上海
600289,ST信通,上海
600292,远达环保,上海
600293,三峡新材,上海
600295,鄂尔多斯,上海
600298,安琪酵母,上海
600299,安迪苏,上海
600300,维维股份,上海
600301,华锡有色,上海
600302,标准股份,上海
600303,曙光股份,上海
600305,恒顺醋业,上海
600307,酒钢宏兴,上海
600308,华泰股份,上海
600309,万华化学,上海
600310,广西能源,上海
600312,平高电气,上海
600313,农发种业,上海
600315,上海家化,上海
600316,洪都航空,上海
600318,新力金融,上海
600319,亚星化学,上海
600320,振华重工,上海
600322,津投城开,上海
600323,瀚蓝环境,上海
600325,华发股份,上海
600326,西藏天路,上海
600327,大东方,上海
600328,中盐化工,上海
600329,达仁堂,上海
600330,天通股份,上海
600331,宏达股份,上海
600332,白云山,上海
600333,长春燃气,上海
600335,国机汽车,上海
600336,澳柯玛,上海
600337,美克家居,上海
600338,西藏珠峰,上海
600339,中油工程,上海
600340,华夏幸福,上海
600343,航天动力,上海
600345,长江通信,上海
600346,恒力石化,上海
600348,华阳股份,上海
600350,山东高速,上海
600351,亚宝药业,上海
600352,浙江龙盛,上海
600353,旭光电子,上海
600354,敦煌种业,上海
600355,*ST精伦,上海
600356,恒丰纸业,上海
600358,ST联合,上海
600359,新农开发,上海
600360,*ST华微,上海
600361,创新新材,上海
600362,江西铜业,上海
600363,联创光电,上海
600365,ST通葡,上海
600366,宁波韵升,上海
600367,红星发展,上海
600368,五洲交通,上海
600369,西南证券,上海
600370,三房巷,上海
600371,万向德农,上海
600372,中航机载,上海
600373,中文传媒,上海
600375,汉马科技,上海
600376,首开股份,上海
600377,宁沪高速,上海
600378,昊华科技,上海
600379,宝光股份,上海
600380,健康元,上海
600381,*ST春天,上海
600382,广东明珠,上海
600383,金地集团,上海
600386,北巴传媒,上海
600388,龙净环保,上海
600389,江山股份,上海
600390,五矿资本,上海
600391,航发科技,上海
600392,盛和资源,上海
600395,盘江股份,上海
600396,华电辽能,上海
600397,安源煤业,上海
600398,海澜之家,上海
600399,抚顺特钢,上海
600400,红豆股份,上海
600403,大有能源,上海
600405,动力源,上海
600406,国电南瑞,上海
600408,安泰集团,上海
600409,三友化工,上海
600410,华胜天成,上海
600415,小商品城,上海
600416,湘电股份,上海
600418,江淮汽车,上海
600419,天润乳业,上海
600420,国药现代,上海
600421,*ST华嵘,上海
600422,昆药集团,上海
600423,柳化股份,上海
600425,青松建化,上海
600426,华鲁恒升,上海
600428,中远海特,上海
600429,三元股份,上海
600433,冠豪高新,上海
600435,北方导航,上海
600436,片仔癀,上海
600438,通威股份,上海
600439,瑞贝卡,上海
600444,国机通用,上海
600446,金证股份,上海
600448,华纺股份,上海
600449,宁夏建材,上海
600452,涪陵电力,上海
600455,博通股份,上海
600456,宝钛股份,上海
600458,时代新材,上海
600459,贵研铂业,上海
600460,士兰微,上海
600461,洪城环境,上海
600463,空港股份,上海
600467,好当家,上海
600468,百利电气,上海
600469,风神股份,上海
600470,六国化工,上海
600475,华光环能,上海
600476,湘邮科技,上海
600477,杭萧钢构,上海
600478,科力远,上海
600479,千金药业,上海
600480,凌云股份,上海
600481,双良节能,上海
600482,中国动力,上海
600483,福能股份,上海
600486,扬农化工,上海
600487,亨通光电,上海
600488,津药药业,上海
600489,中金黄金,上海
600490,鹏欣资源,上海
600491,龙元建设,上海
600493,凤竹纺织,上海
600495,晋西车轴,上海
600496,精工钢构,上海
600497,驰宏锌锗,上海
600498,烽火通信,上海
600499,科达制造,上海
600500,中化国际,上海
600501,航天晨光,上海
600502,安徽建工,上海
600503,华丽家族,上海
600505,西昌电力,上海
600506,统一股份,上海
600507,方大特钢,上海
600508,上海能源,上海
600509,天富能源,上海
600510,黑牡丹,上海
600511,国药股份,上海
600512,腾达建设,上海
600513,联环药业,上海
600515,海南机场,上海
600516,方大炭素,上海
600517,国网英大,上海
600518,康美药业,上海
600519,贵州茅台,上海
600520,三佳科技,上海
600521,华海药业,上海
600522,中天科技,上海
600523,贵航股份,上海
600525,ST长园,上海
600526,菲达环保,上海
600527,江南高纤,上海
600528,中铁工业,上海
600529,山东药玻,上海
600530,交大昂立,上海
600531,豫光金铅,上海
600533,栖霞建设,上海
600535,天士力,上海
600536,中国软件,上海
600537,亿晶光电,上海
600538,国发股份,上海
600539,狮头股份,上海
600540,新赛股份,上海
600543,莫高股份,上海
600545,卓郎智能,上海
600546,山煤国际,上海
600547,山东黄金,上海
600548,深高速,上海
600549,厦门钨业,上海
600550,保变电气,上海
600551,时代出版,上海
600552,凯盛科技,上海
600556,天下秀,上海
600557,康缘药业,上海
600558,大西洋,上海
600559,老白干酒,上海
600560,金自天正,上海
600561,江西长运,上海
600562,国睿科技,上海
600563,法拉电子,上海
600566,济川药业,上海
600567,山鹰国际,上海
600568,ST中珠,上海
600569,安阳钢铁,上海
600570,恒生电子,上海
600571,信雅达,上海
600572,康恩贝,上海
600573,惠泉啤酒,上海
600575,淮河能源,上海
600576,祥源文旅,上海
600577,精达股份,上海
600578,京能电力,上海
600579,中化装备,上海
600580,卧龙电驱,上海
600581,八一钢铁,上海
600582,天地科技,上海
600583,海油工程,上海
600584,长电科技,上海
600585,海螺水泥,上海
600586,金晶科技,上海
600587,新华医疗,上海
600588,用友网络,上海
600589,大位科技,上海
600590,泰豪科技,上海
600592,龙溪股份,上海
600593,大连圣亚,上海
600594,益佰制药,上海
600595,中孚实业,上海
600596,新安股份,上海
600597,光明乳业,上海
600598,北大荒,上海
600599,*ST熊猫,上海
600600,青岛啤酒,上海
600601,方正科技,上海
600602,云赛智联,上海
600603,ST广物,上海
600604,市北高新,上海
600605,汇通能源,上海
600606,绿地控股,上海
600608,*ST沪科,上海
600609,金杯汽车,上海
600610,中毅达,上海
600611,大众交通,上海
600612,老凤祥,上海
600613,神奇制药,上海
600615,鑫源智造,上海
600616,金枫酒业,上海
600617,国新能源,上海
600618,氯碱化工,上海
600619,海立股份,上海
600620,天宸股份,上海
600621,华鑫股份,上海
600622,光大嘉宝,上海
600623,华谊集团,上海
600624,复旦复华,上海
600626,申达股份,上海
600628,新世界,上海
600629,华建集团,上海
600630,龙头股份,上海
600633,浙数文化,上海
600635,大众公用,上海
600636,*ST国化,上海
600637,东方明珠,上海
600638,新黄浦,上海
600639,浦东金桥,上海
600640,国脉文化,上海
600641,万业企业,上海
600642,申能股份,上海
600643,爱建集团,上海
600644,乐山电力,上海
600645,中源协和,上海
600648,外高桥,上海
600649,城投控股,上海
600650,锦江在线,上海
600651,飞乐音响,上海
600653,申华控股,上海
600654,中安科,上海
600655,豫园股份,上海
600657,信达地产,上海
600658,电子城,上海
600660,福耀玻璃,上海
600661,昂立教育,上海
600662,外服控股,上海
600663,陆家嘴,上海
600664,哈药股份,上海
600665,天地源,上海
600666,奥瑞德,上海
600667,太极实业,上海
600668,尖峰集团,上海
600671,天目药业,上海
600673,东阳光,上海
600674,川投能源,上海
600675,中华企业,上海
600676,交运股份,上海
600678,四川金顶,上海
600679,上海凤凰,上海
600681,百川能源,上海
600682,南京新百,上海
600683,京投发展,上海
600684,珠江股份,上海
600685,中船防务,上海
600686,金龙汽车,上海
600688,上海石化,上海
600689,上海三毛,上海
600690,海尔智家,上海
600691,阳煤化工,上海
600692,亚通股份,上海
600693,东百集团,上海
600694,大商股份,上海
600696,*ST岩石,上海
600697,欧亚集团,上海
600698,湖南天雁,上海
600699,均胜电子,上海
600702,舍得酒业,上海
600703,三安光电,上海
600704,物产中大,上海
600706,曲江文旅,上海
600707,彩虹股份,上海
600708,光明地产,上海
600710,苏美达,上海
600711,盛屯矿业,上海
600712,南宁百货,上海
600713,南京医药,上海
600714,金瑞矿业,上海
600715,文投控股,上海
600716,凤凰股份,上海
600717,天津港,上海
600718,东软集团,上海
600719,大连热电,上海
600720,中交设计,上海
600721,百花医药,上海
600722,金牛化工,上海
600724,宁波富达,上海
600725,云维股份,上海
600726,华电能源,上海
600727,鲁北化工,上海
600728,佳都科技,上海
600729,重庆百货,上海
600730,中国高科,上海
600731,湖南海利,上海
600732,爱旭股份,上海
600733,北汽蓝谷,上海
600734,实达集团,上海
600735,新华锦,上海
600736,苏州高新,上海
600737,中粮糖业,上海
600738,丽尚国潮,上海
600739,辽宁成大,上海
600740,山西焦化,上海
600741,华域汽车,上海
600742,富维股份,上海
600743,华远控股,上海
600744,华银电力,上海
600745,闻泰科技,上海
600746,江苏索普,上海
600748,上实发展,上海
600749,西藏旅游,上海
600750,江中药业,上海
600751,海航科技,上海
600753,*ST海钦,上海
600754,锦江酒店,上海
600755,厦门国贸,上海
600756,浪潮软件,上海
600757,长江传媒,上海
600758,辽宁能源,上海
600759,洲际油气,上海
600760,中航沈飞,上海
600761,安徽合力,上海
600763,通策医疗,上海
600764,中国海防,上海
600765,中航重机,上海
600768,宁波富邦,上海
600769,祥龙电业,上海
600770,综艺股份,上海
600771,广誉远,上海
600773,西藏城投,上海
600774,汉商集团,上海
600775,南京熊猫,上海
600776,东方通信,上海
600777,*ST新潮,上海
600778,友好集团,上海
600779,水井坊,上海
600780,通宝能源,上海
600782,新钢股份,上海
600783,鲁信创投,上海
600784,鲁银投资,上海
600785,新华百货,上海
600787,中储股份,上海
600789,鲁抗医药,上海
600790,轻纺城,上海
600791,京能置业,上海
600792,云煤能源,上海
600793,宜宾纸业,上海
600794,保税科技,上海
600795,国电电力,上海
600796,钱江生化,上海
600797,浙大网新,上海
600798,宁波海运,上海
600800,渤海化学,上海
600801,华新水泥,上海
600802,福建水泥,上海
600803,新奥股份,上海
600805,悦达投资,上海
600807,济高发展,上海
600808,马钢股份,上海
600809,山西汾酒,上海
600810,神马股份,上海
600812,华北制药,上海
600814,杭州解百,上海
600815,厦工股份,上海
600816,建元信托,上海
600817,宇通重工,上海
600818,中路股份,上海
600819,耀皮玻璃,上海
600820,隧道股份,上海
600821,金开新能,上海
600822,上海物贸,上海
600824,益民集团,上海
600825,新华传媒,上海
600826,兰生股份,上海
600827,百联股份,上海
600828,茂业商业,上海
600829,人民同泰,上海
600830,香溢融通,上海
600831,ST广网,上海
600833,第一医药,上海
600834,申通地铁,上海
600835,上海机电,上海
600838,上海九百,上海
600839,四川长虹,上海
600841,动力新科,上海
600843,上工申贝,上海
600844,金煤科技,上海
600845,宝信软件,上海
600846,同济科技,上海
600847,万里股份,上海
600848,上海临港,上海
600850,电科数字,上海
600851,海欣股份,上海
600853,龙建股份,上海
600854,春兰股份,上海
600855,航天长峰,上海
600857,宁波中百,上海
600858,银座股份,上海
600859,王府井,上海
600860,京城股份,上海
600861,北京人力,上海
600862,中航高科,上海
600863,内蒙华电,上海
600864,哈投股份,上海
600865,百大集团,上海
600866,星湖科技,上海
600867,通化东宝,上海
600868,梅雁吉祥,上海
600869,远东股份,上海
600871,石化油服,上海
600872,中炬高新,上海
600873,梅花生物,上海
600874,创业环保,上海
600875,东方电气,上海
600876,凯盛新能,上海
600877,电科芯片,上海
600879,航天电子,上海
600880,博瑞传播,上海
600881,亚泰集团,上海
600882,妙可蓝多,上海
600883,博闻科技,上海
600884,杉杉股份,上海
600885,宏发股份,上海
600886,国投电力,上海
600887,伊利股份,上海
600888,新疆众和,上海
600889,南京化纤,上海
600892,*ST大晟,上海
600893,航发动力,上海
600894,广日股份,上海
600895,张江高科,上海
600897,厦门空港,上海
600900,长江电力,上海
600901,江苏金租,上海
600903,贵州燃气,上海
600905,三峡能源,上海
600906,财达证券,上海
600908,无锡银行,上海
600909,华安证券,上海
600916,中国黄金,上海
600917,重庆燃气,上海
600918,中泰证券,上海
600919,江苏银行,上海
600925,苏能股份,上海
600926,杭州银行,上海
600927,永安期货,上海
600928,西安银行,上海
600929,雪天盐业,上海
600930,华电新能,上海
600933,爱柯迪,上海
600935,华塑股份,上海
600936,广西广电,上海
600938,中国海油,上海
600939,重庆建工,上海
600941,中国移动,上海
600955,维远股份,上海
600956,新天绿能,上海
600958,东方证券,上海
600959,江苏有线,上海
600960,渤海汽车,上海
600961,株冶集团,上海
600962,国投中鲁,上海
600963,岳阳林纸,上海
600965,福成股份,上海
600966,博汇纸业,上海
600967,内蒙一机,上海
600968,海油发展,上海
600969,郴电国际,上海
600970,中材国际,上海
600971,恒源煤电,上海
600973,宝胜股份,上海
600975,新五丰,上海
600976,健民集团,上海
600977,中国电影,上海
600979,广安爱众,上海
600980,北矿科技,上海
600981,汇鸿集团,上海
600982,宁波能源,上海
600983,惠而浦,上海
600984,建设机械,上海
600985,淮北矿业,上海
600986,浙文互联,上海
600987,航民股份,上海
600988,赤峰黄金,上海
600989,宝丰能源,上海
600990,四创电子,上海
600992,贵绳股份,上海
600993,马应龙,上海
600995,南网储能,上海
600996,贵广网络,上海
600997,开滦股份,上海
600998,九州通,上海
600999,招商证券,上海
601000,唐山港,上海
601001,晋控煤业,上海
601002,晋亿实业,上海
601003,柳钢股份,上海
601005,重庆钢铁,上海
601006,大秦铁路,上海
601007,金陵饭店,上海
601008,连云港,上海
601009,南京银行,上海
601010,文峰股份,上海
601011,宝泰隆,上海
601012,隆基绿能,上海
601015,陕西黑猫,上海
601016,节能风电,上海
601018,宁波港,上海
601019,山东出版,上海
601020,华钰矿业,上海
601021,春秋航空,上海
601022,宁波远洋,上海
601033,永兴股份,上海
601038,一拖股份,上海
601058,赛轮轮胎,上海
601059,信达证券,上海
601061,中信金属,上海
601065,江盐集团,上海
601066,中信建投,上海
601068,中铝国际,上海
601069,西部黄金,上海
601077,渝农商行,上海
601083,锦江航运,上海
601086,国芳集团,上海
601088,中国神华,上海
601089,福元医药,上海
601096,宏盛华源,上海
601098,中南传媒,上海
601099,太平洋,上海
601100,恒立液压,上海
601101,昊华能源,上海
601106,中国一重,上海
601107,四川成渝,上海
601108,财通证券,上海
601111,中国国航,上海
601113,华鼎股份,上海
601116,三江购物,上海
601117,中国化学,上海
601118,海南橡胶,上海
601121,宝地矿业,上海
601126,四方股份,上海
601127,赛力斯,上海
601128,常熟银行,上海
601133,柏诚股份,上海
601136,首创证券,上海
601137,博威合金,上海
601138,工业富联,上海
601139,深圳燃气,上海
601155,新城控股,上海
601156,东航物流,上海
601158,重庆水务,上海
601162,天风证券,上海
601163,三角轮胎,上海
601166,兴业银行,上海
601168,西部矿业,上海
601169,北京银行,上海
601177,杭齿前进,上海
601179,中国西电,上海
601186,中国铁建,上海
601187,厦门银行,上海
601188,龙江交通,上海
601198,东兴证券,上海
601199,江南水务,上海
601200,上海环境,上海
601208,东材科技,上海
601211,国泰海通,上海
601212,白银有色,上海
601216,君正集团,上海
601218,吉鑫科技,上海
601222,林洋能源,上海
601225,陕西煤业,上海
601226,华电科工,上海
601228,广州港,上海
601229,上海银行,上海
601231,环旭电子,上海
601233,桐昆股份,上海
601236,红塔证券,上海
601238,广汽集团,上海
601279,英利汽车,上海
601288,农业银行,上海
601298,青岛港,上海
601311,骆驼股份,上海
601318,中国平安,上海
601319,中国人保,上海
601326,秦港股份,上海
601328,交通银行,上海
601330,绿色动力,上海
601333,广深铁路,上海
601336,新华保险,上海
601339,百隆东方,上海
601360,三六零,上海
601366,利群股份,上海
601368,绿城水务,上海
601369,陕鼓动力,上海
601375,中原证券,上海
601377,兴业证券,上海
601388,怡球资源,上海
601390,中国中铁,上海
601398,工商银行,上海
601399,国机重装,上海
601456,国联民生,上海
601500,通用股份,上海
601512,中新集团,上海
601515,东峰集团,上海
601518,吉林高速,上海
601519,大智慧,上海
601528,瑞丰银行,上海
601555,东吴证券,上海
601566,九牧王,上海
601567,三星医疗,上海
601568,北元集团,上海
601577,长沙银行,上海
601579,会稽山,上海
601588,北辰实业,上海
601595,上海电影,上海
601598,中国外运,上海
601599,浙文影业,上海
601600,中国铝业,上海
601601,中国太保,上海
601606,长城军工,上海
601607,上海医药,上海
601608,中信重工,上海
601609,金田股份,上海
601611,中国核建,上海
601615,明阳智能,上海
601616,广电电气,上海
601618,中国中冶,上海
601619,嘉泽新能,上海
601628,中国人寿,上海
601633,长城汽车,上海
601636,旗滨集团,上海
601658,邮储银行,上海
601665,齐鲁银行,上海
601666,平煤股份,上海
601668,中国建筑,上海
601669,中国电建,上海
601677,明泰铝业,上海
601678,滨化股份,上海
601686,友发集团,上海
601688,华泰证券,上海
601689,拓普集团,上海
601696,中银证券,上海
601698,中国卫通,上海
601699,潞安环能,上海
601700,风范股份,上海
601702,华峰铝业,上海
601717,中创智领,上海
601718,际华集团,上海
601727,上海电气,上海
601728,中国电信,上海
601766,中国中车,上海
601777,千里科技,上海
601778,晶科科技,上海
601788,光大证券,上海
601789,宁波建工,上海
601798,蓝科高新,上海
601799,星宇股份,上海
601800,中国交建,上海
601801,皖新传媒,上海
601808,中海油服,上海
601811,新华文轩,上海
601816,京沪高铁,上海
601818,光大银行,上海
601825,沪农商行,上海
601827,三峰环境,上海
601828,美凯龙,上海
601838,成都银行,上海
601857,中国石油,上海
601858,中国科传,上海
601860,紫金银行,上海
601865,福莱特,上海
601866,中远海发,上海
601868,中国能建,上海
601869,长飞光纤,上海
601872,招商轮船,上海
601877,正泰电器,上海
601878,浙商证券,上海
601880,辽港股份,上海
601881,中国银河,上海
601882,海天精工,上海
601886,江河集团,上海
601888,中国中免,上海
601890,亚星锚链,上海
601898,中煤能源,上海
601899,紫金矿业,上海
601900,南方传媒,上海
601901,方正证券,上海
601908,京运通,上海
601916,浙商银行,上海
601918,新集能源,上海
601919,中远海控,上海
601921,浙版传媒,上海
601928,凤凰传媒,上海
601929,吉视传媒,上海
601933,永辉超市,上海
601939,建设银行,上海
601949,中国出版,上海
601952,苏垦农发,上海
601956,东贝集团,上海
601958,金钼股份,上海
601963,重庆银行,上海
601965,中国汽研,上海
601966,玲珑轮胎,上海
601968,宝钢包装,上海
601969,海南矿业,上海
601975,招商南油,上海
601985,中国核电,上海
601988,中国银行,上海
601990,南京证券,上海
601991,大唐发电,上海
601992,金隅集团,上海
601995,中金公司,上海
601996,丰林集团,上海
601997,贵阳银行,上海
601998,中信银行,上海
601999,出版传媒,上海
603000,人民网,上海
603001,奥康国际,上海
603002,宏昌电子,上海
603004,鼎龙科技,上海
603005,晶方科技,上海
603006,联明股份,上海
603007,*ST花王,上海
603008,喜临门,上海
603009,北特科技,上海
603010,万盛股份,上海
603011,合锻智能,上海
603012,创力集团,上海
603013,亚普股份,上海
603014,威高血净,上海
603015,弘讯科技,上海
603016,新宏泰,上海
603017,中衡设计,上海
603018,华设集团,上海
603019,中科曙光,上海
603020,爱普股份,上海
603021,ST华鹏,上海
603022,新通联,上海
603023,威帝股份,上海
603025,大豪科技,上海
603026,石大胜华,上海
603027,千禾味业,上海
603028,赛福天,上海
603029,天鹅股份,上海
603030,全筑股份,上海
603031,安孚科技,上海
603032,德新科技,上海
603033,三维股份,上海
603035,常熟汽饰,上海
603036,如通股份,上海
603037,凯众股份,上海
603038,华立股份,上海
603039,泛微网络,上海
603040,新坐标,上海
603041,美思德,上海
603042,华脉科技,上海
603043,广州酒家,上海
603045,福达合金,上海
603048,浙江黎明,上海
603049,中策橡胶,上海
603050,科林电气,上海
603051,鹿山新材,上海
603052,可川科技,上海
603053,成都燃气,上海
603055,台华新材,上海
603056,德邦股份,上海
603057,紫燕食品,上海
603058,永吉股份,上海
603059,倍加洁,上海
603060,国检集团,上海
603061,金海通,上海
603062,麦加芯彩,上海
603063,禾望电气,上海
603065,宿迁联盛,上海
603066,音飞储存,上海
603067,振华股份,上海
603068,博通集成,上海
603069,海汽集团,上海
603070,万控智造,上海
603071,物产环能,上海
603072,天和磁材,上海
603073,彩蝶实业,上海
603075,热威股份,上海
603076,乐惠国际,上海
603077,和邦生物,上海
603078,江化微,上海
603079,圣达生物,上海
603080,新疆火炬,上海
603081,大丰实业,上海
603082,北自科技,上海
603083,剑桥科技,上海
603085,天成自控,上海
603086,先达股份,上海
603087,甘李药业,上海
603088,宁波精达,上海
603089,正裕工业,上海
603090,宏盛股份,上海
603091,众鑫股份,上海
603093,南华期货,上海
603095,越剑智能,上海
603096,新经典,上海
603097,江苏华辰,上海
603098,森特股份,上海
603099,长白山,上海
603100,川仪股份,上海
603101,汇嘉时代,上海
603102,百合股份,上海
603103,横店影视,上海
603105,芯能科技,上海
603106,恒银科技,上海
603107,上海汽配,上海
603108,润达医疗,上海
603109,神驰机电,上海
603110,东方材料,上海
603111,康尼机电,上海
603112,华翔股份,上海
603113,金能科技,上海
603115,海星股份,上海
603116,红蜻蜓,上海
603117,万林物流,上海
603118,共进股份,上海
603119,浙江荣泰,上海
603120,肯特催化,上海
603121,华培动力,上海
603122,合富中国,上海
603123,翠微股份,上海
603124,江南新材,上海
603125,常青科技,上海
603126,中材节能,上海
603127,昭衍新药,上海
603128,华贸物流,上海
603129,春风动力,上海
603130,云中马,上海
603131,上海沪工,上海
603132,金徽股份,上海
603135,中重科技,上海
603136,天目湖,上海
603137,恒尚节能,上海
603138,海量数据,上海
603139,康惠制药,上海
603150,万朗磁塑,上海
603151,邦基科技,上海
603153,上海建科,上海
603155,新亚强,上海
603156,养元饮品,上海
603158,腾龙股份,上海
603159,上海亚虹,上海
603160,汇顶科技,上海
603161,科华控股,上海
603162,海通发展,上海
603163,XD圣晖集,上海
603165,荣晟环保,上海
603166,福达股份,上海
603167,渤海轮渡,上海
603168,莎普爱思,上海
603169,兰石重装,上海
603170,宝立食品,上海
603171,税友股份,上海
603172,万丰股份,上海
603173,福斯达,上海
603176,汇通集团,上海
603177,德创环保,上海
603178,圣龙股份,上海
603179,新泉股份,上海
603180,金牌家居,上海
603181,皇马科技,上海
603182,嘉华股份,上海
603183,建研院,上海
603185,弘元绿能,上海
603186,华正新材,上海
603187,海容冷链,上海
603188,亚邦股份,上海
603189,网达软件,上海
603190,亚通精工,上海
603191,望变电气,上海
603192,汇得科技,上海
603193,润本股份,上海
603194,中力股份,上海
603195,公牛集团,上海
603196,日播时尚,上海
603197,保隆科技,上海
603198,迎驾贡酒,上海
603199,九华旅游,上海
603200,上海洗霸,上海
603201,常润股份,上海
603202,天有为,上海
603203,快克智能,上海
603205,健尔康,上海
603206,嘉环科技,上海
603207,小方制药,上海
603208,江山欧派,上海
603209,兴通股份,上海
603210,泰鸿万立,上海
603211,晋拓股份,上海
603212,赛伍技术,上海
603213,镇洋发展,上海
603214,爱婴室,上海
603215,比依股份,上海
603216,梦天家居,上海
603217,元利科技,上海
603218,日月股份,上海
603219,富佳股份,上海
603220,中贝通信,上海
603221,爱丽家居,上海
603222,济民健康,上海
603223,恒通股份,上海
603225,新凤鸣,上海
603226,菲林格尔,上海
603227,雪峰科技,上海
603228,景旺电子,上海
603229,奥翔药业,上海
603230,内蒙新华,上海
603231,索宝蛋白,上海
603232,格尔软件,上海
603233,大参林,上海
603235,天新药业,上海
603236,移远通信,上海
603237,五芳斋,上海
603238,诺邦股份,上海
603239,浙江仙通,上海
603255,鼎际得,上海
603256,宏和科技,上海
603257,中国瑞林,上海
603258,电魂网络,上海
603259,药明康德,上海
603260,合盛硅业,上海
603261,*ST立航,上海
603262,技源集团,上海
603266,天龙股份,上海
603267,鸿远电子,上海
603268,*ST松发,上海
603269,海鸥股份,上海
603270,金帝股份,上海
603271,永杰新材,上海
603272,联翔股份,上海
603273,天元智能,上海
603275,众辰科技,上海
603276,恒兴新材,上海
603277,银都股份,上海
603278,大业股份,上海
603279,景津装备,上海
603280,南方路机,上海
603281,江瀚新材,上海
603282,亚光股份,上海
603283,赛腾股份,上海
603285,键邦股份,上海
603286,日盈电子,上海
603288,海天味业,上海
603289,泰瑞机器,上海
603290,斯达半导,上海
603291,联合水务,上海
603296,华勤技术,上海
603297,永新光学,上海
603298,杭叉集团,上海
603299,苏盐井神,上海
603300,海南华铁,上海
603301,振德医疗,上海
603303,得邦照明,上海
603305,旭升集团,上海
603306,华懋科技,上海
603307,扬州金泉,上海
603308,应流股份,上海
603309,维力医疗,上海
603310,巍华新材,上海
603311,金海高科,上海
603312,西典新能,上海
603313,梦百合,上海
603315,福鞍股份,上海
603316,诚邦股份,上海
603317,天味食品,上海
603318,水发燃气,上海
603319,美湖股份,上海
603320,迪贝电气,上海
603321,梅轮电梯,上海
603322,超讯通信,上海
603323,苏农银行,上海
603324,盛剑科技,上海
603325,博隆技术,上海
603326,我乐家居,上海
603327,福蓉科技,上海
603328,依顿电子,上海
603329,上海雅仕,上海
603330,天洋新材,上海
603331,百达精工,上海
603332,苏州龙杰,上海
603333,尚纬股份,上海
603335,迪生力,上海
603336,宏辉果蔬,上海
603337,杰克股份,上海
603338,浙江鼎力,上海
603339,四方科技,上海
603341,龙旗科技,上海
603344,星德胜,上海
603345,安井食品,上海
603348,文灿股份,上海
603350,安乃达,上海
603351,威尔药业,上海
603353,和顺石油,上海
603355,莱克电气,上海
603356,华菱精工,上海
603357,设计总院,上海
603358,华达科技,上海
603359,东珠生态,上海
603360,百傲化学,上海
603363,傲农生物,上海
603365,水星家纺,上海
603366,日出东方,上海
603367,辰欣药业,上海
603368,柳药集团,上海
603369,今世缘,上海
603370,N华新,上海
603373,安邦护卫,上海
603375,盛景微,上海
603377,ST东时,上海
603378,亚士创能,上海
603379,三美股份,上海
603380,易德龙,上海
603381,永臻股份,上海
603382,海阳科技,上海
603383,顶点软件,上海
603385,惠达卫浴,上海
603386,骏亚科技,上海
603387,基蛋生物,上海
603388,*ST元成,上海
603389,*ST亚振,上海
603390,通达电气,上海
603391,力聚热能,上海
603392,万泰生物,上海
603393,新天然气,上海
603395,红四方,上海
603396,金辰股份,上海
603398,*ST沐邦,上海
603399,永杉锂业,上海
603400,华之杰,上海
603406,天富龙,上海
603408,建霖家居,上海
603409,汇通控股,上海
603416,信捷电气,上海
603421,鼎信通讯,上海
603429,集友股份,上海
603439,贵州三力,上海
603444,吉比特,上海
603456,九洲药业,上海
603458,勘设股份,上海
603466,风语筑,上海
603477,巨星农牧,上海
603486,科沃斯,上海
603488,展鹏科技,上海
603489,八方股份,上海
603496,恒为科技,上海
603499,翔港科技,上海
603500,祥和实业,上海
603501,豪威集团,上海
603505,金石资源,上海
603506,南都物业,上海
603507,振江股份,上海
603508,思维列控,上海
603511,爱慕股份,上海
603515,欧普照明,上海
603516,淳中科技,上海
603517,绝味食品,上海
603518,锦泓集团,上海
603519,立霸股份,上海
603520,司太立,上海
603527,众源新材,上海
603528,多伦科技,上海
603529,爱玛科技,上海
603530,神马电力,上海
603533,掌阅科技,上海
603535,嘉诚国际,上海
603536,惠发食品,上海
603538,美诺华,上海
603551,奥普科技,上海
603556,海兴电力,上海
603557,ST起步,上海
603558,健盛集团,上海
603559,ST通脉,上海
603565,中谷物流,上海
603566,普莱柯,上海
603567,珍宝岛,上海
603568,伟明环保,上海
603569,长久物流,上海
603577,汇金通,上海
603578,三星新材,上海
603579,荣泰健康,上海
603580,*ST艾艾,上海
603583,捷昌驱动,上海
603585,苏利股份,上海
603586,金麒麟,上海
603587,地素时尚,上海
603588,高能环境,上海
603589,口子窖,上海
603590,康辰药业,上海
603595,东尼电子,上海
603596,伯特利,上海
603598,引力传媒,上海
603599,广信股份,上海
603600,永艺股份,上海
603601,再升科技,上海
603602,纵横通信,上海
603605,珀莱雅,上海
603606,东方电缆,上海
603607,京华激光,上海
603608,天创时尚,上海
603609,禾丰股份,上海
603610,麒盛科技,上海
603611,诺力股份,上海
603612,索通发展,上海
603613,国联股份,上海
603615,茶花股份,上海
603616,韩建河山,上海
603617,君禾股份,上海
603618,杭电股份,上海
603619,中曼石油,上海
603626,科森科技,上海
603628,清源股份,上海
603629,利通电子,上海
603630,拉芳家化,上海
603633,徕木股份,上海
603636,南威软件,上海
603637,镇海股份,上海
603638,艾迪精密,上海
603639,海利尔,上海
603648,畅联股份,上海
603650,彤程新材,上海
603655,朗博科技,上海
603656,泰禾智能,上海
603657,春光科技,上海
603658,安图生物,上海
603659,璞泰来,上海
603660,苏州科达,上海
603661,恒林股份,上海
603662,柯力传感,上海
603663,三祥新材,上海
603665,康隆达,上海
603666,亿嘉和,上海
603667,五洲新春,上海
603668,天马科技,上海
603669,灵康药业,上海
603676,卫信康,上海
603677,奇精机械,上海
603678,火炬电子,上海
603679,华体科技,上海
603680,今创集团,上海
603681,永冠新材,上海
603682,锦和商管,上海
603683,晶华新材,上海
603685,晨丰科技,上海
603686,福龙马,上海
603687,大胜达,上海
603688,石英股份,上海
603689,皖天然气,上海
603690,至纯科技,上海
603693,江苏新能,上海
603696,安记食品,上海
603697,有友食品,上海
603698,航天工程,上海
603699,纽威股份,上海
603700,宁水集团,上海
603701,德宏股份,上海
603703,盛洋科技,上海
603706,东方环宇,上海
603707,健友股份,上海
603708,家家悦,上海
603709,中源家居,上海
603711,香飘飘,上海
603712,七一二,上海
603713,密尔克卫,上海
603716,塞力医疗,上海
603717,天域生物,上海
603718,海利生物,上海
603719,良品铺子,上海
603721,*ST天择,上海
603722,阿科力,上海
603725,天安新材,上海
603726,朗迪集团,上海
603727,博迈科,上海
603728,鸣志电器,上海
603729,龙韵股份,上海
603730,岱美股份,上海
603733,仙鹤股份,上海
603737,三棵树,上海
603738,泰晶科技,上海
603739,蔚蓝生物,上海
603755,日辰股份,上海
603757,大元泵业,上海
603758,秦安股份,上海
603759,海天股份,上海
603766,隆鑫通用,上海
603767,中马传动,上海
603768,常青股份,上海
603773,沃格光电,上海
603776,永安行,上海
603777,来伊份,上海
603778,国晟科技,上海
603779,威龙股份,上海
603786,科博达,上海
603787,新日股份,上海
603788,宁波高发,上海
603789,*ST星农,上海
603790,雅运股份,上海
603797,联泰环保,上海
603798,康普顿,上海
603799,华友钴业,上海
603800,洪田股份,上海
603801,志邦家居,上海
603803,瑞斯康达,上海
603806,福斯特,上海
603808,歌力思,上海
603809,豪能股份,上海
603810,丰山集团,上海
603811,诚意药业,上海
603813,*ST原尚,上海
603815,交建股份,上海
603816,顾家家居,上海
603817,海峡环保,上海
603818,曲美家居,上海
603819,神力股份,上海
603822,嘉澳环保,上海
603823,百合花,上海
603825,ST华扬,上海
603826,坤彩科技,上海
603828,ST柯利达,上海
603829,洛凯股份,上海
603833,欧派家居,上海
603836,海程邦达,上海
603838,*ST四通,上海
603839,安正时尚,上海
603843,*ST正平,上海
603848,好太太,上海
603855,华荣股份,上海
603856,东宏股份,上海
603858,步长制药,上海
603859,能科科技,上海
603860,中公高科,上海
603861,白云电器,上海
603863,松炀资源,上海
603866,桃李面包,上海
603867,新化股份,上海
603868,飞科电器,上海
603869,ST智知,上海
603871,嘉友国际,上海
603876,鼎胜新材,上海
603877,太平鸟,上海
603878,武进不锈,上海
603879,永悦科技,上海
603880,南卫股份,上海
603881,数据港,上海
603882,金域医学,上海
603883,老百姓,上海
603885,吉祥航空,上海
603886,元祖股份,上海
603887,城地香江,上海
603888,新华网,上海
603889,新澳股份,上海
603890,春秋电子,上海
603893,瑞芯微,上海
603895,天永智能,上海
603896,寿仙谷,上海
603897,长城科技,上海
603898,好莱客,上海
603899,晨光股份,上海
603900,莱绅通灵,上海
603901,永创智能,上海
603903,中持股份,上海
603906,龙蟠科技,上海
603908,牧高笛,上海
603909,建发合诚,上海
603912,佳力图,上海
603915,国茂股份,上海
603916,苏博特,上海
603917,合力科技,上海
603918,金桥信息,上海
603919,金徽酒,上海
603920,世运电路,上海
603922,金鸿顺,上海
603926,铁流股份,上海
603927,中科软,上海
603928,兴业股份,上海
603929,亚翔集成,上海
603931,格林达,上海
603933,睿能科技,上海
603936,博敏电子,上海
603937,丽岛新材,上海
603938,三孚股份,上海
603939,益丰药房,上海
603948,建业股份,上海
603949,雪龙集团,上海
603950,长源东谷,上海
603955,大千生态,上海
603956,威派格,上海
603958,哈森股份,上海
603959,百利科技,上海
603960,克来机电,上海
603966,法兰泰克,上海
603967,中创物流,上海
603968,醋化股份,上海
603969,银龙股份,上海
603970,中农立华,上海
603976,正川股份,上海
603977,国泰集团,上海
603978,深圳新星,上海
603979,金诚信,上海
603980,吉华集团,上海
603982,泉峰汽车,上海
603983,丸美生物,上海
603985,恒润股份,上海
603986,兆易创新,上海
603987,康德莱,上海
603988,中电电机,上海
603989,艾华集团,上海
603990,麦迪科技,上海
603991,至正股份,上海
603992,松霖科技,上海
603993,洛阳钼业,上海
603995,甬金股份,上海
603997,继峰股份,上海
603998,方盛制药,上海
603999,读者传媒,上海
605001,威奥股份,上海
605003,众望布艺,上海
605005,合兴股份,上海
605006,山东玻纤,上海
605007,五洲特纸,上海
605008,长鸿高科,上海
605009,豪悦护理,上海
605011,杭州热电,上海
605016,百龙创园,上海
605018,长华集团,上海
605020,永和股份,上海
605028,世茂能源,上海
605033,美邦股份,上海
605050,福然德,上海
605055,迎丰股份,上海
605056,咸亨国际,上海
605058,澳弘电子,上海
605060,联德股份,上海
605066,天正电气,上海
605068,明新旭腾,上海
605069,正和生态,上海
605077,华康股份,上海
605080,浙江自然,上海
605081,*ST太和,上海
605086,龙高股份,上海
605088,冠盛股份,上海
605089,味知香,上海
605090,九丰能源,上海
605098,行动教育,上海
605099,共创草坪,上海
605100,华丰股份,上海
605108,同庆楼,上海
605111,新洁能,上海
605116,奥锐特,上海
605117,德业股份,上海
605118,力鼎光电,上海
605122,四方新材,上海
605123,派克新材,上海
605128,上海沿浦,上海
605133,嵘泰股份,上海
605136,丽人丽妆,上海
605138,盛泰集团,上海
605151,西上海,上海
605155,西大门,上海
605158,华达新材,上海
605162,新中港,上海
605166,聚合顺,上海
605167,利柏特,上海
605168,三人行,上海
605169,洪通燃气,上海
605177,东亚药业,上海
605178,时空科技,上海
605179,一鸣食品,上海
605180,华生科技,上海
605183,确成股份,上海
605186,健麾信息,上海
605188,国光连锁,上海
605189,富春染织,上海
605196,华通线缆,上海
605198,安德利,上海
605199,ST葫芦娃,上海
605208,永茂泰,上海
605218,伟时电子,上海
605222,起帆电缆,上海
605228,神通科技,上海
605255,天普股份,上海
605258,协和电子,上海
605259,绿田机械,上海
605266,健之佳,上海
605268,王力安防,上海
605277,新亚电子,上海
605286,同力日升,上海
605287,德才股份,上海
605288,凯迪股份,上海
605289,罗曼股份,上海
605296,神农集团,上海
605298,必得科技,上海
605299,舒华体育,上海
605300,佳禾食品,上海
605303,园林股份,上海
605305,中际联合,上海
605318,法狮龙,上海
605319,无锡振华,上海
605333,沪光股份,上海
605336,帅丰电器,上海
605337,李子园,上海
605338,巴比食品,上海
605339,南侨食品,上海
605358,立昂微,上海
605365,立达信,上海
605366,宏柏新材,上海
605368,蓝天燃气,上海
605369,拱东医疗,上海
605376,博迁新材,上海
605377,华旺科技,上海
605378,野马电池,上海
605388,均瑶健康,上海
605389,长龄液压,上海
605398,新炬网络,上海
605399,晨光新材,上海
605488,福莱新材,上海
605499,东鹏饮料,上海
605500,森林包装,上海
605507,国邦医药,上海
605555,德昌股份,上海
605566,福莱蒽特,上海
605567,春雪食品,上海
605577,龙版传媒,上海
605580,恒盛能源,上海
605588,冠石科技,上海
605589,圣泉集团,上海
605598,上海港湾,上海
605599,菜百股份,上海
688001,华兴源创,上海
688002,睿创微纳,上海
688003,天准科技,上海
688004,博汇科技,上海
688005,容百科技,上海
688006,杭可科技,上海
688007,光峰科技,上海
688008,澜起科技,上海
688009,中国通号,上海
688010,福光股份,上海
688011,新光光电,上海
688012,中微公司,上海
688013,天臣医疗,上海
688015,交控科技,上海
688016,心脉医疗,上海
688017,绿的谐波,上海
688018,乐鑫科技,上海
688019,安集科技,上海
688020,方邦股份,上海
688021,奥福科技,上海
688022,瀚川智能,上海
688023,安恒信息,上海
688025,杰普特,上海
688026,洁特生物,上海
688027,国盾量子,上海
688028,沃尔德,上海
688029,南微医学,上海
688030,山石网科,上海
688031,星环科技,上海
688032,禾迈股份,上海
688033,天宜新材,上海
688035,德邦科技,上海
688036,传音控股,上海
688037,芯源微,上海
688038,中科通达,上海
688039,当虹科技,上海
688041,海光信息,上海
688045,必易微,上海
688046,药康生物,上海
688047,龙芯中科,上海
688048,长光华芯,上海
688049,炬芯科技,上海
688050,爱博医疗,上海
688051,佳华科技,上海
688052,纳芯微,上海
688053,思科瑞,上海
688055,龙腾光电,上海
688056,莱伯泰科,上海
688057,金达莱,上海
688058,宝兰德,上海
688059,华锐精密,上海
688060,云涌科技,上海
688061,灿瑞科技,上海
688062,迈威生物,上海
688063,派能科技,上海
688065,凯赛生物,上海
688066,航天宏图,上海
688067,爱威科技,上海
688068,热景生物,上海
688069,德林海,上海
688070,纵横股份,上海
688071,华依科技,上海
688072,拓荆科技,上海
688073,毕得医药,上海
688075,安旭生物,上海
688076,ST诺泰,上海
688077,大地熊,上海
688078,龙软科技,上海
688079,美迪凯,上海
688080,映翰通,上海
688081,兴图新科,上海
688082,盛美上海,上海
688083,中望软件,上海
688084,晶品特装,上海
688085,三友医疗,上海
688087,英科再生,上海
688088,虹软科技,上海
688089,嘉必优,上海
688090,瑞松科技,上海
688091,上海谊众,上海
688092,爱科科技,上海
688093,世华科技,上海
688095,福昕软件,上海
688096,京源环保,上海
688097,博众精工,上海
688098,申联生物,上海
688099,晶晨股份,上海
688100,威胜信息,上海
688101,三达膜,上海
688102,斯瑞新材,上海
688103,国力股份,上海
688105,诺唯赞,上海
688106,金宏气体,上海
688107,安路科技,上海
688108,赛诺医疗,上海
688109,品茗科技,上海
688110,东芯股份,上海
688111,金山办公,上海
688112,鼎阳科技,上海
688113,联测科技,上海
688114,华大智造,上海
688115,思林杰,上海
688116,天奈科技,上海
688117,圣诺生物,上海
688118,普元信息,上海
688119,中钢洛耐,上海
688120,华海清科,上海
688121,卓然股份,上海
688122,西部超导,上海
688123,聚辰股份,上海
688125,安达智能,上海
688126,沪硅产业,上海
688127,蓝特光学,上海
688128,中国电研,上海
688129,东来技术,上海
688130,晶华微,上海
688131,皓元医药,上海
688132,邦彦技术,上海
688133,泰坦科技,上海
688135,利扬芯片,上海
688136,科兴制药,上海
688137,近岸蛋白,上海
688138,清溢光电,上海
688139,海尔生物,上海
688141,杰华特,上海
688143,长盈通,上海
688146,中船特气,上海
688147,微导纳米,上海
688148,芳源股份,上海
688150,莱特光电,上海
688151,华强科技,上海
688152,麒麟信安,上海
688153,唯捷创芯,上海
688155,先惠技术,上海
688156,路德环境,上海
688157,松井股份,上海
688158,优刻得,上海
688159,有方科技,上海
688160,步科股份,上海
688161,威高骨科,上海
688162,巨一科技,上海
688163,赛伦生物,上海
688165,埃夫特,上海
688166,博瑞医药,上海
688167,炬光科技,上海
688168,安博通,上海
688169,石头科技,上海
688170,德龙激光,上海
688171,纬德信息,上海
688172,燕东微,上海
688173,希荻微,上海
688175,高凌信息,上海
688176,亚虹医药,上海
688177,百奥泰,上海
688178,万德斯,上海
688179,阿拉丁,上海
688180,君实生物,上海
688181,八亿时空,上海
688182,灿勤科技,上海
688183,生益电子,上海
688184,ST帕瓦,上海
688185,康希诺,上海
688186,广大特材,上海
688187,时代电气,上海
688188,柏楚电子,上海
688189,南新制药,上海
688190,云路股份,上海
688191,智洋创新,上海
688192,迪哲医药,上海
688193,仁度生物,上海
688195,腾景科技,上海
688196,卓越新能,上海
688197,首药控股,上海
688198,佰仁医疗,上海
688199,久日新材,上海
688200,华峰测控,上海
688201,信安世纪,上海
688202,美迪西,上海
688203,海正生材,上海
688205,德科立,上海
688206,概伦电子,上海
688207,格灵深瞳,上海
688208,道通科技,上海
688209,英集芯,上海
688210,统联精密,上海
688211,中科微至,上海
688212,澳华内镜,上海
688213,思特威,上海
688215,瑞晟智能,上海
688216,气派科技,上海
688217,睿昂基因,上海
688218,江苏北人,上海
688219,会通股份,上海
688220,翱捷科技,上海
688221,前沿生物,上海
688222,成都先导,上海
688223,晶科能源,上海
688225,亚信安全,上海
688226,威腾电气,上海
688227,品高股份,上海
688228,开普云,上海
688229,博睿数据,上海
688230,芯导科技,上海
688231,隆达股份,上海
688232,新点软件,上海
688233,神工股份,上海
688234,天岳先进,上海
688235,百济神州,上海
688236,春立医疗,上海
688237,超卓航科,上海
688238,和元生物,上海
688239,航宇科技,上海
688244,永信至诚,上海
688246,嘉和美康,上海
688247,宣泰医药,上海
688248,南网科技,上海
688249,晶合集成,上海
688251,井松智能,上海
688252,天德钰,上海
688253,英诺特,上海
688255,凯尔达,上海
688256,寒武纪,上海
688257,新锐股份,上海
688258,卓易信息,上海
688259,创耀科技,上海
688260,昀冢科技,上海
688261,东微半导,上海
688262,国芯科技,上海
688265,南模生物,上海
688266,泽璟制药,上海
688267,中触媒,上海
688268,华特气体,上海
688269,凯立新材,上海
688270,臻镭科技,上海
688271,联影医疗,上海
688272,富吉瑞,上海
688273,麦澜德,上海
688275,万润新能,上海
688276,百克生物,上海
688277,天智航,上海
688278,特宝生物,上海
688279,峰岹科技,上海
688280,精进电动,上海
688281,华秦科技,上海
688282,理工导航,上海
688283,坤恒顺维,上海
688285,高铁电气,上海
688286,敏芯股份,上海
688287,*ST观典,上海
688288,鸿泉物联,上海
688289,圣湘生物,上海
688290,景业智能,上海
688291,金橙子,上海
688292,浩瀚深度,上海
688293,奥浦迈,上海
688295,中复神鹰,上海
688296,和达科技,上海
688297,中无人机,上海
688298,东方生物,上海
688299,长阳科技,上海
688300,联瑞新材,上海
688301,奕瑞科技,上海
688302,海创药业,上海
688303,大全能源,上海
688305,科德数控,上海
688306,均普智能,上海
688307,中润光学,上海
688308,欧科亿,上海
688309,恒誉环保,上海
688310,迈得医疗,上海
688311,盟升电子,上海
688312,燕麦科技,上海
688313,仕佳光子,上海
688314,康拓医疗,上海
688315,诺禾致源,上海
688316,青云科技,上海
688317,之江生物,上海
688318,财富趋势,上海
688319,欧林生物,上海
688320,禾川科技,上海
688321,微芯生物,上海
688322,奥比中光,上海
688323,瑞华泰,上海
688325,赛微微电,上海
688326,经纬恒润,上海
688327,云从科技,上海
688328,深科达,上海
688329,艾隆科技,上海
688330,宏力达,上海
688331,荣昌生物,上海
688332,中科蓝讯,上海
688333,铂力特,上海
688334,西高院,上海
688335,复洁环保,上海
688336,三生国健,上海
688337,普源精电,上海
688338,赛科希德,上海
688339,亿华通,上海
688343,云天励飞,上海
688345,博力威,上海
688347,华虹公司,上海
688348,昱能科技,上海
688349,三一重能,上海
688350,富淼科技,上海
688351,微电生理,上海
688352,颀中科技,上海
688353,华盛锂电,上海
688355,明志科技,上海
688356,键凯科技,上海
688357,建龙微纳,上海
688358,祥生医疗,上海
688359,三孚新科,上海
688360,德马科技,上海
688361,中科飞测,上海
688362,甬矽电子,上海
688363,华熙生物,上海
688365,光云科技,上海
688366,昊海生科,上海
688367,工大高科,上海
688368,晶丰明源,上海
688369,致远互联,上海
688370,丛麟科技,上海
688371,菲沃泰,上海
688372,伟测科技,上海
688373,盟科药业,上海
688375,国博电子,上海
688376,美埃科技,上海
688377,迪威尔,上海
688378,奥来德,上海
688379,华光新材,上海
688380,中微半导,上海
688381,帝奥微,上海
688382,益方生物,上海
688383,新益昌,上海
688385,复旦微电,上海
688386,泛亚微透,上海
688387,信科移动,上海
688388,嘉元科技,上海
688389,普门科技,上海
688390,固德威,上海
688391,钜泉科技,上海
688392,骄成超声,上海
688393,安必平,上海
688395,正弦电气,上海
688396,华润微,上海
688398,赛特新材,上海
688399,硕世生物,上海
688400,凌云光,上海
688401,路维光电,上海
688403,汇成股份,上海
688408,中信博,上海
688409,富创精密,上海
688410,山外山,上海
688411,海博思创,上海
688416,恒烁股份,上海
688418,震有科技,上海
688419,耐科装备,上海
688420,美腾科技,上海
688425,铁建重工,上海
688426,康为世纪,上海
688428,诺诚健华,上海
688429,时创能源,上海
688432,有研硅,上海
688433,华曙高科,上海
688435,英方软件,上海
688439,振华风光,上海
688443,智翔金泰,上海
688448,磁谷科技,上海
688449,联芸科技,上海
688450,光格科技,上海
688455,科捷智能,上海
688456,有研粉材,上海
688458,美芯晟,上海
688459,哈铁科技,上海
688466,金科环境,上海
688468,科美诊断,上海
688469,芯联集成,上海
688472,阿特斯,上海
688475,萤石网络,上海
688478,晶升股份,上海
688479,友车科技,上海
688480,赛恩斯,上海
688484,南芯科技,上海
688485,九州一轨,上海
688486,龙迅股份,上海
688488,艾迪药业,上海
688489,三未信安,上海
688496,清越科技,上海
688498,源杰科技,上海
688499,利元亨,上海
688500,慧辰股份,上海
688501,青达环保,上海
688502,茂莱光学,上海
688503,聚和材料,上海
688505,复旦张江,上海
688506,百利天恒,上海
688507,索辰科技,上海
688508,芯朋微,上海
688509,正元地信,上海
688510,航亚科技,上海
688511,*ST天微,上海
688512,慧智微,上海
688513,苑东生物,上海
688515,裕太微,上海
688516,奥特维,上海
688517,金冠电气,上海
688518,联赢激光,上海
688519,南亚新材,上海
688520,神州细胞,上海
688521,芯原股份,上海
688522,纳睿雷达,上海
688523,航天环宇,上海
688525,佰维存储,上海
688526,科前生物,上海
688528,秦川物联,上海
688529,豪森智能,上海
688530,欧莱新材,上海
688531,日联科技,上海
688533,上声电子,上海
688535,华海诚科,上海
688536,思瑞浦,上海
688538,和辉光电,上海
688539,高华科技,上海
688543,国科军工,上海
688545,兴福电子,上海
688548,广钢气体,上海
688549,中巨芯,上海
688550,瑞联新材,上海
688551,科威尔,上海
688552,航天南湖,上海
688553,汇宇制药,上海
688556,高测股份,上海
688557,兰剑智能,上海
688558,国盛智科,上海
688559,海目星,上海
688560,明冠新材,上海
688561,奇安信,上海
688562,航天软件,上海
688563,航材股份,上海
688565,力源科技,上海
688566,吉贝尔,上海
688567,孚能科技,上海
688568,中科星图,上海
688569,铁科轨道,上海
688570,天玛智控,上海
688571,杭华股份,上海
688573,信宇人,上海
688575,亚辉龙,上海
688576,西山科技,上海
688577,浙海德曼,上海
688578,艾力斯,上海
688579,山大地纬,上海
688580,伟思医疗,上海
688581,安杰思,上海
688582,芯动联科,上海
688583,思看科技,上海
688584,上海合晶,上海
688585,上纬新材,上海
688586,江航装备,上海
688588,凌志软件,上海
688589,力合微,上海
688590,新致软件,上海
688591,泰凌微,上海
688592,司南导航,上海
688593,新相微,上海
688595,芯海科技,上海
688596,正帆科技,上海
688597,煜邦电力,上海
688598,金博股份,上海
688599,天合光能,上海
688600,皖仪科技,上海
688601,力芯微,上海
688602,康鹏科技,上海
688603,天承科技,上海
688605,先锋精科,上海
688606,奥泰生物,上海
688607,康众医疗,上海
688608,恒玄科技,上海
688609,九联科技,上海
688610,埃科光电,上海
688611,杭州柯林,上海
688612,威迈斯,上海
688613,奥精医疗,上海
688615,合合信息,上海
688616,西力科技,上海
688617,惠泰医疗,上海
688618,三旺通信,上海
688619,罗普特,上海
688620,安凯微,上海
688621,阳光诺和,上海
688622,禾信仪器,上海
688623,双元科技,上海
688625,呈和科技,上海
688626,翔宇医疗,上海
688627,精智达,上海
688628,优利德,上海
688629,华丰科技,上海
688630,芯碁微装,上海
688631,莱斯信息,上海
688633,星球石墨,上海
688636,智明达,上海
688638,誉辰智能,上海
688639,华恒生物,上海
688646,ST逸飞,上海
688648,中邮科技,上海
688651,盛邦安全,上海
688652,京仪装备,上海
688653,康希通信,上海
688655,迅捷兴,上海
688656,浩欧博,上海
688657,浩辰软件,上海
688658,悦康药业,上海
688659,元琛科技,上海
688660,电气风电,上海
688661,和林微纳,上海
688662,富信科技,上海
688663,新风光,上海
688665,四方光电,上海
688667,菱电电控,上海
688668,鼎通科技,上海
688669,聚石化学,上海
688670,金迪克,上海
688671,碧兴物联,上海
688676,金盘科技,上海
688677,海泰新光,上海
688678,福立旺,上海
688679,通源环境,上海
688680,海优新材,上海
688681,科汇股份,上海
688682,霍莱沃,上海
688683,莱尔科技,上海
688685,迈信林,上海
688686,奥普特,上海
688687,凯因科技,上海
688689,银河微电,上海
688690,纳微科技,上海
688691,灿芯股份,上海
688692,达梦数据,上海
688693,锴威特,上海
688695,中创股份,上海
688696,极米科技,上海
688697,纽威数控,上海
688698,伟创电气,上海
688699,明微电子,上海
688700,东威科技,上海
688701,卓锦股份,上海
688702,盛科通信,上海
688707,振华新材,上海
688708,佳驰科技,上海
688709,成都华微,上海
688710,益诺思,上海
688711,宏微科技,上海
688716,中研股份,上海
688717,艾罗能源,上海
688718,唯赛勃,上海
688719,爱科赛博,上海
688720,艾森股份,上海
688721,龙图光罩,上海
688722,同益中,上海
688726,拉普拉斯,上海
688728,格科微,上海
688729,屹唐股份,上海
688733,壹石通,上海
688737,中自科技,上海
688739,成大生物,上海
688750,金天钛业,上海
688755,汉邦科技,上海
688757,胜科纳米,上海
688758,赛分科技,上海
688766,普冉股份,上海
688767,博拓生物,上海
688768,容知日新,上海
688772,珠海冠宇,上海
688775,影石创新,上海
688776,国光电气,上海
688777,中控技术,上海
688778,厦钨新能,上海
688779,五矿新能,上海
688786,悦安新材,上海
688787,海天瑞声,上海
688788,科思科技,上海
688789,宏华数科,上海
688793,倍轻松,上海
688798,艾为电子,上海
688799,华纳药厂,上海
688800,瑞可达,上海
688819,天能股份,上海
688981,中芯国际,上海
689009,九号公司,上海
430017,星昊医药,未知
430047,诺思兰德,未知
430090,同辉信息,未知
430139,华岭股份,未知
430198,微创光电,未知
430300,辰光医疗,未知
430418,苏轴股份,未知
430425,乐创技术,未知
430476,海能技术,未知
430478,峆一药业,未知
430510,丰光精密,未知
430556,雅达股份,未知
430564,天润科技,未知
430685,新芝生物,未知
430718,合肥高科,未知
830779,武汉蓝电,未知
830809,安达科技,未知
830832,齐鲁华信,未知
830839,万通液压,未知
830879,基康技术,未知
830896,旺成科技,未知
830946,森萱医药,未知
830964,润农节水,未知
830974,凯大催化,未知
831010,凯添燃气,未知
831039,国义招标,未知
831087,秋乐种业,未知
831152,昆工科技,未知
831167,鑫汇科,未知
831175,派诺科技,未知
831195,三祥科技,未知
831278,泰德股份,未知
831304,迪尔化工,未知
831305,海希通讯,未知
831370,新安洁,未知
831396,许昌智能,未知
831526,凯华材料,未知
831627,力王股份,未知
831641,格利尔,未知
831689,克莱特,未知
831726,朱老六,未知
831768,拾比佰,未知
831832,科达自控,未知
831834,三维装备,未知
831855,浙江大农,未知
831856,浩淼科技,未知
831906,舜宇精工,未知
831961,创远信科,未知
832000,安徽凤凰,未知
832023,田野股份,未知
832089,禾昌聚合,未知
832110,雷特科技,未知
832145,恒合股份,未知
832149,利尔达,未知
832171,志晟信息,未知
832175,东方碳素,未知
832225,利通科技,未知
832278,鹿得医疗,未知
832419,路斯股份,未知
832469,富恒新材,未知
832471,美邦科技,未知
832491,奥迪威,未知
832522,纳科诺尔,未知
832566,梓橦宫,未知
832651,天罡股份,未知
832662,方盛股份,未知
832735,德源药业,未知
832786,骑士乳业,未知
832802,保丽洁,未知
832876,慧为智能,未知
832885,星辰科技,未知
832978,开特股份,未知
832982,锦波生物,未知
833030,立方控股,未知
833075,柏星龙,未知
833171,国航远洋,未知
833230,欧康医药,未知
833266,生物谷,未知
833284,灵鸽科技,未知
833346,威贸电子,未知
833394,民士达,未知
833427,华维设计,未知
833429,康比特,未知
833454,同心传动,未知
833455,汇隆活塞,未知
833509,同惠电子,未知
833523,德瑞锂电,未知
833533,骏创科技,未知
833575,康乐卫士,未知
833580,科创新材,未知
833751,惠同新材,未知
833781,瑞奇智造,未知
833873,中设咨询,未知
833914,远航精密,未知
833943,优机股份,未知
834014,特瑞斯,未知
834021,流金科技,未知
834033,康普化学,未知
834058,华洋赛车,未知
834062,科润智控,未知
834261,一诺威,未知
834407,驰诚股份,未知
834415,恒拓开源,未知
834475,三友科技,未知
834599,同力股份,未知
834639,晨光电缆,未知
834765,美之高,未知
834770,艾能聚,未知
834950,迅安科技,未知
835174,五新隧装,未知
835179,凯德石英,未知
835184,国源科技,未知
835185,贝特瑞,未知
835207,众诚科技,未知
835237,力佳科技,未知
835305,*ST云创,未知
835368,连城数控,未知
835438,戈碧迦,未知
835508,殷图网联,未知
835579,机科股份,未知
835640,富士达,未知
835670,数字人,未知
835857,百甲科技,未知
835892,中科美菱,未知
835985,海泰新能,未知
836077,吉林碳谷,未知
836149,旭杰科技,未知
836208,青矩技术,未知
836221,易实精密,未知
836239,长虹能源,未知
836247,华密新材,未知
836260,中寰股份,未知
836263,中航泰达,未知
836270,天铭科技,未知
836395,朗鸿科技,未知
836414,欧普泰,未知
836419,万德股份,未知
836422,润普食品,未知
836433,大唐药业,未知
836504,博迅生物,未知
836547,无锡晶海,未知
836675,秉扬科技,未知
836699,海达尔,未知
836717,瑞星股份,未知
836720,吉冈精密,未知
836807,奔朗新材,未知
836826,盖世食品,未知
836871,派特尔,未知
836892,广咨国际,未知
836942,恒立钻具,未知
836957,汉维科技,未知
836961,西磁科技,未知
837006,晟楠科技,未知
837023,芭薇股份,未知
837046,亿能电力,未知
837092,汉鑫科技,未知
837174,宏裕包材,未知
837212,智新电子,未知
837242,建邦科技,未知
837344,三元基因,未知
837403,康农种业,未知
837592,华信永道,未知
837663,明阳科技,未知
837748,路桥信息,未知
837821,则成电子,未知
838030,德众汽车,未知
838163,方大新材,未知
838171,邦德股份,未知
838227,美登科技,未知
838262,太湖雪,未知
838275,驱动力,未知
838402,硅烷科技,未知
838670,恒进感应,未知
838701,豪声电子,未知
838810,春光智能,未知
838837,华原股份,未知
838924,广脉科技,未知
838971,天马新材,未知
839273,一致魔芋,未知
839371,欧福蛋业,未知
839493,并行科技,未知
839680,*ST广道,未知
839719,宁新新材,未知
839725,惠丰钻石,未知
839729,永顺生物,未知
839790,联迪信息,未知
839792,东和新材,未知
839946,华阳变速,未知
870199,倍益康,未知
870204,沪江材料,未知
870299,灿能电力,未知
870357,雅葆轩,未知
870436,大地电气,未知
870508,丰安股份,未知
870656,海昇药业,未知
870726,鸿智科技,未知
870866,绿亨科技,未知
870976,视声智能,未知
871245,威博液压,未知
871263,莱赛激光,未知
871396,常辅股份,未知
871478,巨能股份,未知
871553,凯腾精工,未知
871634,新威凌,未知
871642,通易航天,未知
871694,中裕科技,未知
871753,天纺标,未知
871857,泓禧科技,未知
871970,大禹生物,未知
871981,晶赛科技,未知
872190,雷神科技,未知
872351,华光源海,未知
872374,云里物里,未知
872392,佳合科技,未知
872541,铁大科技,未知
872808,曙光数创,未知
872895,花溪科技,未知
872925,锦好医疗,未知
872931,无锡鼎邦,未知
872953,国子软件,未知
873001,纬达光电,未知
873122,中纺标,未知
873132,泰鹏智能,未知
873152,天宏锂电,未知
873167,新赣江,未知
873169,七丰精工,未知
873223,荣亿精密,未知
873305,九菱科技,未知
873339,恒太照明,未知
873527,夜光明,未知
873570,坤博精工,未知
873576,天力复合,未知
873593,鼎智科技,未知
873665,科强股份,未知
873679,前进科技,未知
873690,捷众科技,未知
873693,阿为特,未知
873703,广厦环能,未知
873706,铁拓机械,未知
873726,卓兆点胶,未知
873806,云星宇,未知
873833,美心翼申,未知
920002,万达轴承,未知
920005,鼎佳精密,未知
920007,酉立智能,未知
920008,成电光信,未知
920016,中草香料,未知
920018,宏远股份,未知
920019,铜冠矿建,未知
920027,交大铁发,未知
920029,开发科技,未知
920037,广信科技,未知
920056,能之光,未知
920060,万源通,未知
920066,科拜尔,未知
920068,天工股份,未知
920082,方正阀门,未知
920088,科力股份,未知
920098,科隆新材,未知
920099,瑞华技术,未知
920100,N三协,未知
920101,志高机械,未知
920106,林泰新材,未知
920108,宏海科技,未知
920111,聚星科技,未知
920112,巴兰仕,未知
920116,星图测控,未知
920118,太湖远大,未知
920128,胜业电气,未知
920167,同享科技,未知
920445,龙竹科技,未知
920489,佳先股份,未知
920682,球冠电缆,未知
920799,艾融软件,未知
920819,颖泰生物,未知
